name,cursor
All,
Shorts,Ev0REgVtYWdpYxrwEUVxb05rZ0dtRFRxWEFSS1FBU2hoSUhsdmRYUjFZbVZmYzJodmNuUnpYMlJsWm1sdWFYUnBiMjRnT25SNWNHVTZjaUFvYmlCNWIzVjBkV0psWDJac1lXZGZhR0Z6WDNCeVpXMXBaWEpsWDNacFpHVnZYMjFsZEdGa1lYUmhQVEVnT25SNWNHVTZjaWtnS0c0Z2VXOTFkSFZpWlY5bWJHRm5YMmhoYzE5c2FYWmxYM04wY21WaGJWOXRaWFJoWkdGMFlUMHhJRHAwZVhCbE9uSXBLVGdCWUJwS2lRd0tKd29GYldGbmFXUHFBUThLRFZvTENnY0loZ0VTQUJnTEdHSHlBUVVLQTBGc2JOZ0NBYmdEWVFxM0Flb0JEd29OV2dzS0J3aUdBUklBR0FzWUd2SUJDQW9HVTJodmNuUnp3Z0tRQVNoaElIbHZkWFIxWW1WZmMyaHZjblJ6WDJSbFptbHVhWFJwYjI0Z09uUjVjR1U2Y2lBb2JpQjViM1YwZFdKbFgyWnNZV2RmYUdGelgzQnlaVzFwWlhKbFgzWnBaR1Z2WDIxbGRHRmtZWFJoUFRFZ09uUjVjR1U2Y2lrZ0tHNGdlVzkxZEhWaVpWOW1iR0ZuWDJoaGMxOXNhWFpsWDNOMGNtVmhiVjl0WlhSaFpHRjBZVDB4SURwMGVYQmxPbklwS2ZnQ0FiZ0RHZ3BNNmdFUENnMWFDd29IQ0lZQkVnQVlDeGhJOGdFSUNnWldhV1JsYjNQQ0FocDViM1YwZFdKbFgzWnBaR1Z2WDNCaFoyVWdPblI1Y0dVNmN1Z0NBYWdEQWJnRFNNQURBY2dEQWRBREFRb282Z0VQQ2cxYUN3b0hDSVlCRWdBWUN4Z2M4Z0VMQ2dsVmJuZGhkR05vWldUS0FnSUlBYmdESEFvbTZnRVBDZzFhQ3dvSENJWUJFZ0FZQ3hoSzhnRUpDZ2RYWVhSamFHVmt5Z0lDR0FLNEEwb0tMV0FINmdFUENnMWFDd29IQ0lZQkVnQVlDeGdIOGdFVENoRlNaV05sYm5Sc2VTQjFjR3h2WVdSbFpMZ0RCd3BMNmdFUENnMWFDd29IQ0lZQkVnQVlDeGdFOGdFR0NnUk1hWFpsd2dJbmVXOTFkSFZpWlY5c2FYWmxYMkp5YjJGa1kyRnpkRjl6ZEdGMGRYTTlNQ0E2ZEhsd1pUcHk2QUlCdUFNRUNrd0tGVzFoWjJsaklIUnlhV05yY3lCbWIzSWdhMmxrYy1vQkhnb2NXaG9LQndpR0FSSUFHQXNTRDNSeWFXTnJjMTltYjNKZmEybGtjX0lCRVFvUFZISnBZMnR6SUdadmNpQnJhV1J6Q2pFS0RHMWhaMmxqSUhOc2IzZGxaT29CRlFvVFdoRUtCd2lHQVJJQUdBc1NCbk5zYjNkbFpQSUJDQW9HVTJ4dmQyVmtDa3dLRlcxaFoybGpJSFJ5YVdOcmN5QjBkWFJ2Y21saGJPb0JIZ29jV2hvS0J3aUdBUklBR0FzU0QzUnlhV05yYzE5MGRYUnZjbWxoYlBJQkVRb1BWSEpwWTJ0eklIUjFkRzl5YVdGc0NpNEtDMjFoWjJsaklITnZibWR6NmdFVUNoSmFFQW9IQ0lZQkVnQVlDeElGYzI5dVozUHlBUWNLQlZOdmJtZHpDajBLRUcxaFoybGpJRzFoYm01NWQyVnNiSHJxQVJrS0Yxb1ZDZ2NJaGdFU0FCZ0xFZ3B0WVc1dWVYZGxiR3g2OGdFTUNncE5ZVzV1ZVhkbGJHeDZDaTRLQzIxaFoybGpJSEJwYkc5MDZnRVVDaEphRUFvSENJWUJFZ0FZQ3hJRmNHbHNiM1R5QVFjS0JWQnBiRzkwQ2pvS0QyMWhaMmxqSUc1dklIZGhlU0J1Yi1vQkdBb1dXaFFLQndpR0FSSUFHQXNTQ1c1dlgzZGhlVjl1Yl9JQkN3b0pUbThnZDJGNUlHNXZDbElLRjIxaFoybGpJSFJ5YVdOcmN5QjNhWFJvSUdOaGNtUno2Z0VnQ2g1YUhBb0hDSVlCRWdBWUN4SVJkSEpwWTJ0elgzZHBkR2hmWTJGeVpIUHlBUk1LRVZSeWFXTnJjeUIzYVhSb0lHTmhjbVJ6Q2xVS0dHMWhaMmxqSUd4bGRDQjViM1Z5SUdoaGFYSWdaRzkzYnVvQklRb2ZXaDBLQndpR0FSSUFHQXNTRW14bGRGOTViM1Z5WDJoaGFYSmZaRzkzYnZJQkZBb1NUR1YwSUhsdmRYSWdhR0ZwY2lCa2IzZHVDaWdLQ1cxaFoybGpJR0p2WXVvQkVnb1FXZzRLQndpR0FSSUFHQXNTQTJKdll2SUJCUW9EUW05aUNqb0tEMjFoWjJsaklISmxaQ0JrY21WemMtb0JHQW9XV2hRS0J3aUdBUklBR0FzU0NYSmxaRjlrY21WemNfSUJDd29KVW1Wa0lHUnlaWE56Q2pRS0RXMWhaMmxqSUcxbFpHRnphVzdxQVJZS0ZGb1NDZ2NJaGdFU0FCZ0xFZ2R0WldSaGMybHU4Z0VKQ2dkTlpXUmhjMmx1Q252cUFROEtEVm9MQ2djSWhnRVNBQmdMR0V6eUFRMEtDMVZ1WkdWeUlEUWdiV2x1d2dKVEtHRWdlVzkxZEhWaVpWOXphRzl5ZEY5MmFXUmxieUE2ZEhsd1pUcHlJQ2h1SUhsdmRYUjFZbVZmWm14aFoxOW9ZWE5mYkdsMlpWOXpkSEpsWVcxZmJXVjBZV1JoZEdFOU1TQTZkSGx3WlRweUtTbTRBMHdLUS1vQkR3b05XZ3NLQndpR0FSSUFHQXNZVGZJQkRBb0tOQ0F0SURJd0lHMXBic0lDSEhsdmRYUjFZbVZmYldWa2FYVnRYM1pwWkdWdklEcDBlWEJsT25LNEEwMEtRdW9CRHdvTldnc0tCd2lHQVJJQUdBc1lUdklCRFFvTFQzWmxjaUF5TUNCdGFXN0NBaHA1YjNWMGRXSmxYMnh2Ym1kZmRtbGtaVzhnT25SNWNHVTZjcmdEVGhnTFdnMEtDd2dFS2djSWhnRVNBQmdMWUFCNEFBJTNEJTNEkAEBGIHg6BgiC3NlYXJjaC1wYWdl
Videos,EuEQEgVtYWdpYxrUEEVyb01rZ0cyRERvb0VocDViM1YwZFdKbFgzWnBaR1Z2WDNCaFoyVWdPblI1Y0dVNmNpZ0JVQUZnU0dnQmNBRjRBVXFKREFvbkNnVnRZV2RwWS1vQkR3b05XZ3NLQndpR0FSSUFHQXNZWWZJQkJRb0RRV3hzMkFJQnVBTmhDcmNCNmdFUENnMWFDd29IQ0lZQkVnQVlDeGdhOGdFSUNnWlRhRzl5ZEhQQ0FwQUJLR0VnZVc5MWRIVmlaVjl6YUc5eWRITmZaR1ZtYVc1cGRHbHZiaUE2ZEhsd1pUcHlJQ2h1SUhsdmRYUjFZbVZmWm14aFoxOW9ZWE5mY0hKbGJXbGxjbVZmZG1sa1pXOWZiV1YwWVdSaGRHRTlNU0E2ZEhsd1pUcHlLU0FvYmlCNWIzVjBkV0psWDJac1lXZGZhR0Z6WDJ4cGRtVmZjM1J5WldGdFgyMWxkR0ZrWVhSaFBURWdPblI1Y0dVNmNpa3AtQUlCdUFNYUNrenFBUThLRFZvTENnY0loZ0VTQUJnTEdFanlBUWdLQmxacFpHVnZjOElDR25sdmRYUjFZbVZmZG1sa1pXOWZjR0ZuWlNBNmRIbHdaVHB5NkFJQnFBTUJ1QU5Jd0FNQnlBTUIwQU1CQ2lqcUFROEtEVm9MQ2djSWhnRVNBQmdMR0J6eUFRc0tDVlZ1ZDJGMFkyaGxaTW9DQWdnQnVBTWNDaWJxQVE4S0RWb0xDZ2NJaGdFU0FCZ0xHRXJ5QVFrS0IxZGhkR05vWldUS0FnSVlBcmdEU2dvdFlBZnFBUThLRFZvTENnY0loZ0VTQUJnTEdBZnlBUk1LRVZKbFkyVnVkR3g1SUhWd2JHOWhaR1ZrdUFNSENrdnFBUThLRFZvTENnY0loZ0VTQUJnTEdBVHlBUVlLQkV4cGRtWENBaWQ1YjNWMGRXSmxYMnhwZG1WZlluSnZZV1JqWVhOMFgzTjBZWFIxY3owd0lEcDBlWEJsT25Mb0FnRzRBd1FLVEFvVmJXRm5hV01nZEhKcFkydHpJR1p2Y2lCcmFXUno2Z0VlQ2h4YUdnb0hDSVlCRWdBWUN4SVBkSEpwWTJ0elgyWnZjbDlyYVdSejhnRVJDZzlVY21samEzTWdabTl5SUd0cFpITUtNUW9NYldGbmFXTWdjMnh2ZDJWazZnRVZDaE5hRVFvSENJWUJFZ0FZQ3hJR2MyeHZkMlZrOGdFSUNnWlRiRzkzWldRS1RBb1ZiV0ZuYVdNZ2RISnBZMnR6SUhSMWRHOXlhV0ZzNmdFZUNoeGFHZ29IQ0lZQkVnQVlDeElQZEhKcFkydHpYM1IxZEc5eWFXRnM4Z0VSQ2c5VWNtbGphM01nZEhWMGIzSnBZV3dLTGdvTGJXRm5hV01nYzI5dVozUHFBUlFLRWxvUUNnY0loZ0VTQUJnTEVnVnpiMjVuY19JQkJ3b0ZVMjl1WjNNS1BRb1FiV0ZuYVdNZ2JXRnVibmwzWld4c2V1b0JHUW9YV2hVS0J3aUdBUklBR0FzU0NtMWhibTU1ZDJWc2JIcnlBUXdLQ2sxaGJtNTVkMlZzYkhvS0xnb0xiV0ZuYVdNZ2NHbHNiM1RxQVJRS0Vsb1FDZ2NJaGdFU0FCZ0xFZ1Z3YVd4dmRQSUJCd29GVUdsc2IzUUtPZ29QYldGbmFXTWdibThnZDJGNUlHNXY2Z0VZQ2haYUZBb0hDSVlCRWdBWUN4SUpibTlmZDJGNVgyNXY4Z0VMQ2dsT2J5QjNZWGtnYm04S1Vnb1hiV0ZuYVdNZ2RISnBZMnR6SUhkcGRHZ2dZMkZ5WkhQcUFTQUtIbG9jQ2djSWhnRVNBQmdMRWhGMGNtbGphM05mZDJsMGFGOWpZWEprY19JQkV3b1JWSEpwWTJ0eklIZHBkR2dnWTJGeVpITUtWUW9ZYldGbmFXTWdiR1YwSUhsdmRYSWdhR0ZwY2lCa2IzZHU2Z0VoQ2g5YUhRb0hDSVlCRWdBWUN4SVNiR1YwWDNsdmRYSmZhR0ZwY2w5a2IzZHU4Z0VVQ2hKTVpYUWdlVzkxY2lCb1lXbHlJR1J2ZDI0S0tBb0piV0ZuYVdNZ1ltOWk2Z0VTQ2hCYURnb0hDSVlCRWdBWUN4SURZbTlpOGdFRkNnTkNiMklLT2dvUGJXRm5hV01nY21Wa0lHUnlaWE56NmdFWUNoWmFGQW9IQ0lZQkVnQVlDeElKY21Wa1gyUnlaWE56OGdFTENnbFNaV1FnWkhKbGMzTUtOQW9OYldGbmFXTWdiV1ZrWVhOcGJ1b0JGZ29VV2hJS0J3aUdBUklBR0FzU0IyMWxaR0Z6YVc3eUFRa0tCMDFsWkdGemFXNEtlLW9CRHdvTldnc0tCd2lHQVJJQUdBc1lUUElCRFFvTFZXNWtaWElnTkNCdGFXN0NBbE1vWVNCNWIzVjBkV0psWDNOb2IzSjBYM1pwWkdWdklEcDBlWEJsT25JZ0tHNGdlVzkxZEhWaVpWOW1iR0ZuWDJoaGMxOXNhWFpsWDNOMGNtVmhiVjl0WlhSaFpHRjBZVDB4SURwMGVYQmxPbklwS2JnRFRBcEQ2Z0VQQ2cxYUN3b0hDSVlCRWdBWUN4aE44Z0VNQ2dvMElDMGdNakFnYldsdXdnSWNlVzkxZEhWaVpWOXRaV1JwZFcxZmRtbGtaVzhnT25SNWNHVTZjcmdEVFFwQzZnRVBDZzFhQ3dvSENJWUJFZ0FZQ3hoTzhnRU5DZ3RQZG1WeUlESXdJRzFwYnNJQ0dubHZkWFIxWW1WZmJHOXVaMTkyYVdSbGJ5QTZkSGx3WlRweXVBTk9HQXRhRFFvTENBUXFCd2lHQVJJQUdBdGdBSGdBkAEBGIHg6BgiC3NlYXJjaC1wYWdl
Unwatched,ErcQEgVtYWdpYxqqEEVwZ01rZ0dVRERvR0dnSUlBV0FjU29rTUNpY0tCVzFoWjJsajZnRVBDZzFhQ3dvSENJWUJFZ0FZQ3hoaDhnRUZDZ05CYkd6WUFnRzRBMkVLdHdIcUFROEtEVm9MQ2djSWhnRVNBQmdMR0JyeUFRZ0tCbE5vYjNKMGM4SUNrQUVvWVNCNWIzVjBkV0psWDNOb2IzSjBjMTlrWldacGJtbDBhVzl1SURwMGVYQmxPbklnS0c0Z2VXOTFkSFZpWlY5bWJHRm5YMmhoYzE5d2NtVnRhV1Z5WlY5MmFXUmxiMTl0WlhSaFpHRjBZVDB4SURwMGVYQmxPbklwSUNodUlIbHZkWFIxWW1WZlpteGhaMTlvWVhOZmJHbDJaVjl6ZEhKbFlXMWZiV1YwWVdSaGRHRTlNU0E2ZEhsd1pUcHlLU240QWdHNEF4b0tUT29CRHdvTldnc0tCd2lHQVJJQUdBc1lTUElCQ0FvR1ZtbGtaVzl6d2dJYWVXOTFkSFZpWlY5MmFXUmxiMTl3WVdkbElEcDBlWEJsT25Mb0FnR29Bd0c0QTBqQUF3SElBd0hRQXdFS0tPb0JEd29OV2dzS0J3aUdBUklBR0FzWUhQSUJDd29KVlc1M1lYUmphR1ZreWdJQ0NBRzRBeHdLSnVvQkR3b05XZ3NLQndpR0FSSUFHQXNZU3ZJQkNRb0hWMkYwWTJobFpNb0NBaGdDdUFOS0NpMWdCLW9CRHdvTldnc0tCd2lHQVJJQUdBc1lCX0lCRXdvUlVtVmpaVzUwYkhrZ2RYQnNiMkZrWldTNEF3Y0tTLW9CRHdvTldnc0tCd2lHQVJJQUdBc1lCUElCQmdvRVRHbDJaY0lDSjNsdmRYUjFZbVZmYkdsMlpWOWljbTloWkdOaGMzUmZjM1JoZEhWelBUQWdPblI1Y0dVNmN1Z0NBYmdEQkFwTUNoVnRZV2RwWXlCMGNtbGphM01nWm05eUlHdHBaSFBxQVI0S0hGb2FDZ2NJaGdFU0FCZ0xFZzkwY21samEzTmZabTl5WDJ0cFpIUHlBUkVLRDFSeWFXTnJjeUJtYjNJZ2EybGtjd294Q2d4dFlXZHBZeUJ6Ykc5M1pXVHFBUlVLRTFvUkNnY0loZ0VTQUJnTEVnWnpiRzkzWldUeUFRZ0tCbE5zYjNkbFpBcE1DaFZ0WVdkcFl5QjBjbWxqYTNNZ2RIVjBiM0pwWVd6cUFSNEtIRm9hQ2djSWhnRVNBQmdMRWc5MGNtbGphM05mZEhWMGIzSnBZV3p5QVJFS0QxUnlhV05yY3lCMGRYUnZjbWxoYkFvdUNndHRZV2RwWXlCemIyNW5jLW9CRkFvU1doQUtCd2lHQVJJQUdBc1NCWE52Ym1kejhnRUhDZ1ZUYjI1bmN3bzlDaEJ0WVdkcFl5QnRZVzV1ZVhkbGJHeDY2Z0VaQ2hkYUZRb0hDSVlCRWdBWUN4SUtiV0Z1Ym5sM1pXeHNldklCREFvS1RXRnVibmwzWld4c2Vnb3VDZ3R0WVdkcFl5QndhV3h2ZE9vQkZBb1NXaEFLQndpR0FSSUFHQXNTQlhCcGJHOTA4Z0VIQ2dWUWFXeHZkQW82Q2c5dFlXZHBZeUJ1YnlCM1lYa2dibV9xQVJnS0Zsb1VDZ2NJaGdFU0FCZ0xFZ2x1YjE5M1lYbGZibV95QVFzS0NVNXZJSGRoZVNCdWJ3cFNDaGR0WVdkcFl5QjBjbWxqYTNNZ2QybDBhQ0JqWVhKa2Mtb0JJQW9lV2h3S0J3aUdBUklBR0FzU0VYUnlhV05yYzE5M2FYUm9YMk5oY21SejhnRVRDaEZVY21samEzTWdkMmwwYUNCallYSmtjd3BWQ2hodFlXZHBZeUJzWlhRZ2VXOTFjaUJvWVdseUlHUnZkMjdxQVNFS0gxb2RDZ2NJaGdFU0FCZ0xFaEpzWlhSZmVXOTFjbDlvWVdseVgyUnZkMjd5QVJRS0VreGxkQ0I1YjNWeUlHaGhhWElnWkc5M2Jnb29DZ2x0WVdkcFl5QmliMkxxQVJJS0VGb09DZ2NJaGdFU0FCZ0xFZ05pYjJMeUFRVUtBMEp2WWdvNkNnOXRZV2RwWXlCeVpXUWdaSEpsYzNQcUFSZ0tGbG9VQ2djSWhnRVNBQmdMRWdseVpXUmZaSEpsYzNQeUFRc0tDVkpsWkNCa2NtVnpjd28wQ2cxdFlXZHBZeUJ0WldSaGMybHU2Z0VXQ2hSYUVnb0hDSVlCRWdBWUN4SUhiV1ZrWVhOcGJ2SUJDUW9IVFdWa1lYTnBiZ3A3NmdFUENnMWFDd29IQ0lZQkVnQVlDeGhNOGdFTkNndFZibVJsY2lBMElHMXBic0lDVXloaElIbHZkWFIxWW1WZmMyaHZjblJmZG1sa1pXOGdPblI1Y0dVNmNpQW9iaUI1YjNWMGRXSmxYMlpzWVdkZmFHRnpYMnhwZG1WZmMzUnlaV0Z0WDIxbGRHRmtZWFJoUFRFZ09uUjVjR1U2Y2lrcHVBTk1Da1BxQVE4S0RWb0xDZ2NJaGdFU0FCZ0xHRTN5QVF3S0NqUWdMU0F5TUNCdGFXN0NBaHg1YjNWMGRXSmxYMjFsWkdsMWJWOTJhV1JsYnlBNmRIbHdaVHB5dUFOTkNrTHFBUThLRFZvTENnY0loZ0VTQUJnTEdFN3lBUTBLQzA5MlpYSWdNakFnYldsdXdnSWFlVzkxZEhWaVpWOXNiMjVuWDNacFpHVnZJRHAwZVhCbE9uSzRBMDRZQzFvTkNnc0lCQ29IQ0lZQkVnQVlDMkFBZUFBJTNEkAEBGIHg6BgiC3NlYXJjaC1wYWdl
Watched,ErcQEgVtYWdpYxqqEEVwZ01rZ0dVRERvR0dnSVlBbUJLU29rTUNpY0tCVzFoWjJsajZnRVBDZzFhQ3dvSENJWUJFZ0FZQ3hoaDhnRUZDZ05CYkd6WUFnRzRBMkVLdHdIcUFROEtEVm9MQ2djSWhnRVNBQmdMR0JyeUFRZ0tCbE5vYjNKMGM4SUNrQUVvWVNCNWIzVjBkV0psWDNOb2IzSjBjMTlrWldacGJtbDBhVzl1SURwMGVYQmxPbklnS0c0Z2VXOTFkSFZpWlY5bWJHRm5YMmhoYzE5d2NtVnRhV1Z5WlY5MmFXUmxiMTl0WlhSaFpHRjBZVDB4SURwMGVYQmxPbklwSUNodUlIbHZkWFIxWW1WZlpteGhaMTlvWVhOZmJHbDJaVjl6ZEhKbFlXMWZiV1YwWVdSaGRHRTlNU0E2ZEhsd1pUcHlLU240QWdHNEF4b0tUT29CRHdvTldnc0tCd2lHQVJJQUdBc1lTUElCQ0FvR1ZtbGtaVzl6d2dJYWVXOTFkSFZpWlY5MmFXUmxiMTl3WVdkbElEcDBlWEJsT25Mb0FnR29Bd0c0QTBqQUF3SElBd0hRQXdFS0tPb0JEd29OV2dzS0J3aUdBUklBR0FzWUhQSUJDd29KVlc1M1lYUmphR1ZreWdJQ0NBRzRBeHdLSnVvQkR3b05XZ3NLQndpR0FSSUFHQXNZU3ZJQkNRb0hWMkYwWTJobFpNb0NBaGdDdUFOS0NpMWdCLW9CRHdvTldnc0tCd2lHQVJJQUdBc1lCX0lCRXdvUlVtVmpaVzUwYkhrZ2RYQnNiMkZrWldTNEF3Y0tTLW9CRHdvTldnc0tCd2lHQVJJQUdBc1lCUElCQmdvRVRHbDJaY0lDSjNsdmRYUjFZbVZmYkdsMlpWOWljbTloWkdOaGMzUmZjM1JoZEhWelBUQWdPblI1Y0dVNmN1Z0NBYmdEQkFwTUNoVnRZV2RwWXlCMGNtbGphM01nWm05eUlHdHBaSFBxQVI0S0hGb2FDZ2NJaGdFU0FCZ0xFZzkwY21samEzTmZabTl5WDJ0cFpIUHlBUkVLRDFSeWFXTnJjeUJtYjNJZ2EybGtjd294Q2d4dFlXZHBZeUJ6Ykc5M1pXVHFBUlVLRTFvUkNnY0loZ0VTQUJnTEVnWnpiRzkzWldUeUFRZ0tCbE5zYjNkbFpBcE1DaFZ0WVdkcFl5QjBjbWxqYTNNZ2RIVjBiM0pwWVd6cUFSNEtIRm9hQ2djSWhnRVNBQmdMRWc5MGNtbGphM05mZEhWMGIzSnBZV3p5QVJFS0QxUnlhV05yY3lCMGRYUnZjbWxoYkFvdUNndHRZV2RwWXlCemIyNW5jLW9CRkFvU1doQUtCd2lHQVJJQUdBc1NCWE52Ym1kejhnRUhDZ1ZUYjI1bmN3bzlDaEJ0WVdkcFl5QnRZVzV1ZVhkbGJHeDY2Z0VaQ2hkYUZRb0hDSVlCRWdBWUN4SUtiV0Z1Ym5sM1pXeHNldklCREFvS1RXRnVibmwzWld4c2Vnb3VDZ3R0WVdkcFl5QndhV3h2ZE9vQkZBb1NXaEFLQndpR0FSSUFHQXNTQlhCcGJHOTA4Z0VIQ2dWUWFXeHZkQW82Q2c5dFlXZHBZeUJ1YnlCM1lYa2dibV9xQVJnS0Zsb1VDZ2NJaGdFU0FCZ0xFZ2x1YjE5M1lYbGZibV95QVFzS0NVNXZJSGRoZVNCdWJ3cFNDaGR0WVdkcFl5QjBjbWxqYTNNZ2QybDBhQ0JqWVhKa2Mtb0JJQW9lV2h3S0J3aUdBUklBR0FzU0VYUnlhV05yYzE5M2FYUm9YMk5oY21SejhnRVRDaEZVY21samEzTWdkMmwwYUNCallYSmtjd3BWQ2hodFlXZHBZeUJzWlhRZ2VXOTFjaUJvWVdseUlHUnZkMjdxQVNFS0gxb2RDZ2NJaGdFU0FCZ0xFaEpzWlhSZmVXOTFjbDlvWVdseVgyUnZkMjd5QVJRS0VreGxkQ0I1YjNWeUlHaGhhWElnWkc5M2Jnb29DZ2x0WVdkcFl5QmliMkxxQVJJS0VGb09DZ2NJaGdFU0FCZ0xFZ05pYjJMeUFRVUtBMEp2WWdvNkNnOXRZV2RwWXlCeVpXUWdaSEpsYzNQcUFSZ0tGbG9VQ2djSWhnRVNBQmdMRWdseVpXUmZaSEpsYzNQeUFRc0tDVkpsWkNCa2NtVnpjd28wQ2cxdFlXZHBZeUJ0WldSaGMybHU2Z0VXQ2hSYUVnb0hDSVlCRWdBWUN4SUhiV1ZrWVhOcGJ2SUJDUW9IVFdWa1lYTnBiZ3A3NmdFUENnMWFDd29IQ0lZQkVnQVlDeGhNOGdFTkNndFZibVJsY2lBMElHMXBic0lDVXloaElIbHZkWFIxWW1WZmMyaHZjblJmZG1sa1pXOGdPblI1Y0dVNmNpQW9iaUI1YjNWMGRXSmxYMlpzWVdkZmFHRnpYMnhwZG1WZmMzUnlaV0Z0WDIxbGRHRmtZWFJoUFRFZ09uUjVjR1U2Y2lrcHVBTk1Da1BxQVE4S0RWb0xDZ2NJaGdFU0FCZ0xHRTN5QVF3S0NqUWdMU0F5TUNCdGFXN0NBaHg1YjNWMGRXSmxYMjFsWkdsMWJWOTJhV1JsYnlBNmRIbHdaVHB5dUFOTkNrTHFBUThLRFZvTENnY0loZ0VTQUJnTEdFN3lBUTBLQzA5MlpYSWdNakFnYldsdXdnSWFlVzkxZEhWaVpWOXNiMjVuWDNacFpHVnZJRHAwZVhCbE9uSzRBMDRZQzFvTkNnc0lCQ29IQ0lZQkVnQVlDMkFBZUFBJTNEkAEBGIHg6BgiC3NlYXJjaC1wYWdl
Recently uploaded,ErEQEgVtYWdpYxqkEEVwWU1rZ0dTRERvRUlBZGdCMHFKREFvbkNnVnRZV2RwWS1vQkR3b05XZ3NLQndpR0FSSUFHQXNZWWZJQkJRb0RRV3hzMkFJQnVBTmhDcmNCNmdFUENnMWFDd29IQ0lZQkVnQVlDeGdhOGdFSUNnWlRhRzl5ZEhQQ0FwQUJLR0VnZVc5MWRIVmlaVjl6YUc5eWRITmZaR1ZtYVc1cGRHbHZiaUE2ZEhsd1pUcHlJQ2h1SUhsdmRYUjFZbVZmWm14aFoxOW9ZWE5mY0hKbGJXbGxjbVZmZG1sa1pXOWZiV1YwWVdSaGRHRTlNU0E2ZEhsd1pUcHlLU0FvYmlCNWIzVjBkV0psWDJac1lXZGZhR0Z6WDJ4cGRtVmZjM1J5WldGdFgyMWxkR0ZrWVhSaFBURWdPblI1Y0dVNmNpa3AtQUlCdUFNYUNrenFBUThLRFZvTENnY0loZ0VTQUJnTEdFanlBUWdLQmxacFpHVnZjOElDR25sdmRYUjFZbVZmZG1sa1pXOWZjR0ZuWlNBNmRIbHdaVHB5NkFJQnFBTUJ1QU5Jd0FNQnlBTUIwQU1CQ2lqcUFROEtEVm9MQ2djSWhnRVNBQmdMR0J6eUFRc0tDVlZ1ZDJGMFkyaGxaTW9DQWdnQnVBTWNDaWJxQVE4S0RWb0xDZ2NJaGdFU0FCZ0xHRXJ5QVFrS0IxZGhkR05vWldUS0FnSVlBcmdEU2dvdFlBZnFBUThLRFZvTENnY0loZ0VTQUJnTEdBZnlBUk1LRVZKbFkyVnVkR3g1SUhWd2JHOWhaR1ZrdUFNSENrdnFBUThLRFZvTENnY0loZ0VTQUJnTEdBVHlBUVlLQkV4cGRtWENBaWQ1YjNWMGRXSmxYMnhwZG1WZlluSnZZV1JqWVhOMFgzTjBZWFIxY3owd0lEcDBlWEJsT25Mb0FnRzRBd1FLVEFvVmJXRm5hV01nZEhKcFkydHpJR1p2Y2lCcmFXUno2Z0VlQ2h4YUdnb0hDSVlCRWdBWUN4SVBkSEpwWTJ0elgyWnZjbDlyYVdSejhnRVJDZzlVY21samEzTWdabTl5SUd0cFpITUtNUW9NYldGbmFXTWdjMnh2ZDJWazZnRVZDaE5hRVFvSENJWUJFZ0FZQ3hJR2MyeHZkMlZrOGdFSUNnWlRiRzkzWldRS1RBb1ZiV0ZuYVdNZ2RISnBZMnR6SUhSMWRHOXlhV0ZzNmdFZUNoeGFHZ29IQ0lZQkVnQVlDeElQZEhKcFkydHpYM1IxZEc5eWFXRnM4Z0VSQ2c5VWNtbGphM01nZEhWMGIzSnBZV3dLTGdvTGJXRm5hV01nYzI5dVozUHFBUlFLRWxvUUNnY0loZ0VTQUJnTEVnVnpiMjVuY19JQkJ3b0ZVMjl1WjNNS1BRb1FiV0ZuYVdNZ2JXRnVibmwzWld4c2V1b0JHUW9YV2hVS0J3aUdBUklBR0FzU0NtMWhibTU1ZDJWc2JIcnlBUXdLQ2sxaGJtNTVkMlZzYkhvS0xnb0xiV0ZuYVdNZ2NHbHNiM1RxQVJRS0Vsb1FDZ2NJaGdFU0FCZ0xFZ1Z3YVd4dmRQSUJCd29GVUdsc2IzUUtPZ29QYldGbmFXTWdibThnZDJGNUlHNXY2Z0VZQ2haYUZBb0hDSVlCRWdBWUN4SUpibTlmZDJGNVgyNXY4Z0VMQ2dsT2J5QjNZWGtnYm04S1Vnb1hiV0ZuYVdNZ2RISnBZMnR6SUhkcGRHZ2dZMkZ5WkhQcUFTQUtIbG9jQ2djSWhnRVNBQmdMRWhGMGNtbGphM05mZDJsMGFGOWpZWEprY19JQkV3b1JWSEpwWTJ0eklIZHBkR2dnWTJGeVpITUtWUW9ZYldGbmFXTWdiR1YwSUhsdmRYSWdhR0ZwY2lCa2IzZHU2Z0VoQ2g5YUhRb0hDSVlCRWdBWUN4SVNiR1YwWDNsdmRYSmZhR0ZwY2w5a2IzZHU4Z0VVQ2hKTVpYUWdlVzkxY2lCb1lXbHlJR1J2ZDI0S0tBb0piV0ZuYVdNZ1ltOWk2Z0VTQ2hCYURnb0hDSVlCRWdBWUN4SURZbTlpOGdFRkNnTkNiMklLT2dvUGJXRm5hV01nY21Wa0lHUnlaWE56NmdFWUNoWmFGQW9IQ0lZQkVnQVlDeElKY21Wa1gyUnlaWE56OGdFTENnbFNaV1FnWkhKbGMzTUtOQW9OYldGbmFXTWdiV1ZrWVhOcGJ1b0JGZ29VV2hJS0J3aUdBUklBR0FzU0IyMWxaR0Z6YVc3eUFRa0tCMDFsWkdGemFXNEtlLW9CRHdvTldnc0tCd2lHQVJJQUdBc1lUUElCRFFvTFZXNWtaWElnTkNCdGFXN0NBbE1vWVNCNWIzVjBkV0psWDNOb2IzSjBYM1pwWkdWdklEcDBlWEJsT25JZ0tHNGdlVzkxZEhWaVpWOW1iR0ZuWDJoaGMxOXNhWFpsWDNOMGNtVmhiVjl0WlhSaFpHRjBZVDB4SURwMGVYQmxPbklwS2JnRFRBcEQ2Z0VQQ2cxYUN3b0hDSVlCRWdBWUN4aE44Z0VNQ2dvMElDMGdNakFnYldsdXdnSWNlVzkxZEhWaVpWOXRaV1JwZFcxZmRtbGtaVzhnT25SNWNHVTZjcmdEVFFwQzZnRVBDZzFhQ3dvSENJWUJFZ0FZQ3hoTzhnRU5DZ3RQZG1WeUlESXdJRzFwYnNJQ0dubHZkWFIxWW1WZmJHOXVaMTkyYVdSbGJ5QTZkSGx3WlRweXVBTk9HQXRhRFFvTENBUXFCd2lHQVJJQUdBdGdBSGdBkAEBGIHg6BgiC3NlYXJjaC1wYWdl
Live,EusQEgVtYWdpYxreEEVyOE1rZ0c3RERvdEVpZDViM1YwZFdKbFgyeHBkbVZmWW5KdllXUmpZWE4wWDNOMFlYUjFjejB3SURwMGVYQmxPbklvQVdBRVNva01DaWNLQlcxaFoybGo2Z0VQQ2cxYUN3b0hDSVlCRWdBWUN4aGg4Z0VGQ2dOQmJHellBZ0c0QTJFS3R3SHFBUThLRFZvTENnY0loZ0VTQUJnTEdCcnlBUWdLQmxOb2IzSjBjOElDa0FFb1lTQjViM1YwZFdKbFgzTm9iM0owYzE5a1pXWnBibWwwYVc5dUlEcDBlWEJsT25JZ0tHNGdlVzkxZEhWaVpWOW1iR0ZuWDJoaGMxOXdjbVZ0YVdWeVpWOTJhV1JsYjE5dFpYUmhaR0YwWVQweElEcDBlWEJsT25JcElDaHVJSGx2ZFhSMVltVmZabXhoWjE5b1lYTmZiR2wyWlY5emRISmxZVzFmYldWMFlXUmhkR0U5TVNBNmRIbHdaVHB5S1NuNEFnRzRBeG9LVE9vQkR3b05XZ3NLQndpR0FSSUFHQXNZU1BJQkNBb0dWbWxrWlc5endnSWFlVzkxZEhWaVpWOTJhV1JsYjE5d1lXZGxJRHAwZVhCbE9uTG9BZ0dvQXdHNEEwakFBd0hJQXdIUUF3RUtLT29CRHdvTldnc0tCd2lHQVJJQUdBc1lIUElCQ3dvSlZXNTNZWFJqYUdWa3lnSUNDQUc0QXh3S0p1b0JEd29OV2dzS0J3aUdBUklBR0FzWVN2SUJDUW9IVjJGMFkyaGxaTW9DQWhnQ3VBTktDaTFnQi1vQkR3b05XZ3NLQndpR0FSSUFHQXNZQl9JQkV3b1JVbVZqWlc1MGJIa2dkWEJzYjJGa1pXUzRBd2NLUy1vQkR3b05XZ3NLQndpR0FSSUFHQXNZQlBJQkJnb0VUR2wyWmNJQ0ozbHZkWFIxWW1WZmJHbDJaVjlpY205aFpHTmhjM1JmYzNSaGRIVnpQVEFnT25SNWNHVTZjdWdDQWJnREJBcE1DaFZ0WVdkcFl5QjBjbWxqYTNNZ1ptOXlJR3RwWkhQcUFSNEtIRm9hQ2djSWhnRVNBQmdMRWc5MGNtbGphM05mWm05eVgydHBaSFB5QVJFS0QxUnlhV05yY3lCbWIzSWdhMmxrY3dveENneHRZV2RwWXlCemJHOTNaV1RxQVJVS0Uxb1JDZ2NJaGdFU0FCZ0xFZ1p6Ykc5M1pXVHlBUWdLQmxOc2IzZGxaQXBNQ2hWdFlXZHBZeUIwY21samEzTWdkSFYwYjNKcFlXenFBUjRLSEZvYUNnY0loZ0VTQUJnTEVnOTBjbWxqYTNOZmRIVjBiM0pwWVd6eUFSRUtEMVJ5YVdOcmN5QjBkWFJ2Y21saGJBb3VDZ3R0WVdkcFl5QnpiMjVuYy1vQkZBb1NXaEFLQndpR0FSSUFHQXNTQlhOdmJtZHo4Z0VIQ2dWVGIyNW5jd285Q2hCdFlXZHBZeUJ0WVc1dWVYZGxiR3g2NmdFWkNoZGFGUW9IQ0lZQkVnQVlDeElLYldGdWJubDNaV3hzZXZJQkRBb0tUV0Z1Ym5sM1pXeHNlZ291Q2d0dFlXZHBZeUJ3YVd4dmRPb0JGQW9TV2hBS0J3aUdBUklBR0FzU0JYQnBiRzkwOGdFSENnVlFhV3h2ZEFvNkNnOXRZV2RwWXlCdWJ5QjNZWGtnYm1fcUFSZ0tGbG9VQ2djSWhnRVNBQmdMRWdsdWIxOTNZWGxmYm1feUFRc0tDVTV2SUhkaGVTQnVid3BTQ2hkdFlXZHBZeUIwY21samEzTWdkMmwwYUNCallYSmtjLW9CSUFvZVdod0tCd2lHQVJJQUdBc1NFWFJ5YVdOcmMxOTNhWFJvWDJOaGNtUno4Z0VUQ2hGVWNtbGphM01nZDJsMGFDQmpZWEprY3dwVkNoaHRZV2RwWXlCc1pYUWdlVzkxY2lCb1lXbHlJR1J2ZDI3cUFTRUtIMW9kQ2djSWhnRVNBQmdMRWhKc1pYUmZlVzkxY2w5b1lXbHlYMlJ2ZDI3eUFSUUtFa3hsZENCNWIzVnlJR2hoYVhJZ1pHOTNiZ29vQ2dsdFlXZHBZeUJpYjJMcUFSSUtFRm9PQ2djSWhnRVNBQmdMRWdOaWIyTHlBUVVLQTBKdllnbzZDZzl0WVdkcFl5QnlaV1FnWkhKbGMzUHFBUmdLRmxvVUNnY0loZ0VTQUJnTEVnbHlaV1JmWkhKbGMzUHlBUXNLQ1ZKbFpDQmtjbVZ6Y3dvMENnMXRZV2RwWXlCdFpXUmhjMmx1NmdFV0NoUmFFZ29IQ0lZQkVnQVlDeElIYldWa1lYTnBidklCQ1FvSFRXVmtZWE5wYmdwNzZnRVBDZzFhQ3dvSENJWUJFZ0FZQ3hoTThnRU5DZ3RWYm1SbGNpQTBJRzFwYnNJQ1V5aGhJSGx2ZFhSMVltVmZjMmh2Y25SZmRtbGtaVzhnT25SNWNHVTZjaUFvYmlCNWIzVjBkV0psWDJac1lXZGZhR0Z6WDJ4cGRtVmZjM1J5WldGdFgyMWxkR0ZrWVhSaFBURWdPblI1Y0dVNmNpa3B1QU5NQ2tQcUFROEtEVm9MQ2djSWhnRVNBQmdMR0UzeUFRd0tDalFnTFNBeU1DQnRhVzdDQWh4NWIzVjBkV0psWDIxbFpHbDFiVjkyYVdSbGJ5QTZkSGx3WlRweXVBTk5Da0xxQVE4S0RWb0xDZ2NJaGdFU0FCZ0xHRTd5QVEwS0MwOTJaWElnTWpBZ2JXbHV3Z0lhZVc5MWRIVmlaVjlzYjI1blgzWnBaR1Z2SURwMGVYQmxPbks0QTA0WUMxb05DZ3NJQkNvSENJWUJFZ0FZQzJBQWVBQSUzRJABARiB4OgYIgtzZWFyY2gtcGFnZQ%3D%3D
Tricks for kids,EuEQEhVtYWdpYyB0cmlja3MgZm9yIGtpZHMaxBBFcWtNa2dHbEREb1hDaFZ0WVdkcFl5QjBjbWxqYTNNZ1ptOXlJR3RwWkhOS2lRd0tKd29GYldGbmFXUHFBUThLRFZvTENnY0loZ0VTQUJnTEdHSHlBUVVLQTBGc2JOZ0NBYmdEWVFxM0Flb0JEd29OV2dzS0J3aUdBUklBR0FzWUd2SUJDQW9HVTJodmNuUnp3Z0tRQVNoaElIbHZkWFIxWW1WZmMyaHZjblJ6WDJSbFptbHVhWFJwYjI0Z09uUjVjR1U2Y2lBb2JpQjViM1YwZFdKbFgyWnNZV2RmYUdGelgzQnlaVzFwWlhKbFgzWnBaR1Z2WDIxbGRHRmtZWFJoUFRFZ09uUjVjR1U2Y2lrZ0tHNGdlVzkxZEhWaVpWOW1iR0ZuWDJoaGMxOXNhWFpsWDNOMGNtVmhiVjl0WlhSaFpHRjBZVDB4SURwMGVYQmxPbklwS2ZnQ0FiZ0RHZ3BNNmdFUENnMWFDd29IQ0lZQkVnQVlDeGhJOGdFSUNnWldhV1JsYjNQQ0FocDViM1YwZFdKbFgzWnBaR1Z2WDNCaFoyVWdPblI1Y0dVNmN1Z0NBYWdEQWJnRFNNQURBY2dEQWRBREFRb282Z0VQQ2cxYUN3b0hDSVlCRWdBWUN4Z2M4Z0VMQ2dsVmJuZGhkR05vWldUS0FnSUlBYmdESEFvbTZnRVBDZzFhQ3dvSENJWUJFZ0FZQ3hoSzhnRUpDZ2RYWVhSamFHVmt5Z0lDR0FLNEEwb0tMV0FINmdFUENnMWFDd29IQ0lZQkVnQVlDeGdIOGdFVENoRlNaV05sYm5Sc2VTQjFjR3h2WVdSbFpMZ0RCd3BMNmdFUENnMWFDd29IQ0lZQkVnQVlDeGdFOGdFR0NnUk1hWFpsd2dJbmVXOTFkSFZpWlY5c2FYWmxYMkp5YjJGa1kyRnpkRjl6ZEdGMGRYTTlNQ0E2ZEhsd1pUcHk2QUlCdUFNRUNrd0tGVzFoWjJsaklIUnlhV05yY3lCbWIzSWdhMmxrYy1vQkhnb2NXaG9LQndpR0FSSUFHQXNTRDNSeWFXTnJjMTltYjNKZmEybGtjX0lCRVFvUFZISnBZMnR6SUdadmNpQnJhV1J6Q2pFS0RHMWhaMmxqSUhOc2IzZGxaT29CRlFvVFdoRUtCd2lHQVJJQUdBc1NCbk5zYjNkbFpQSUJDQW9HVTJ4dmQyVmtDa3dLRlcxaFoybGpJSFJ5YVdOcmN5QjBkWFJ2Y21saGJPb0JIZ29jV2hvS0J3aUdBUklBR0FzU0QzUnlhV05yYzE5MGRYUnZjbWxoYlBJQkVRb1BWSEpwWTJ0eklIUjFkRzl5YVdGc0NpNEtDMjFoWjJsaklITnZibWR6NmdFVUNoSmFFQW9IQ0lZQkVnQVlDeElGYzI5dVozUHlBUWNLQlZOdmJtZHpDajBLRUcxaFoybGpJRzFoYm01NWQyVnNiSHJxQVJrS0Yxb1ZDZ2NJaGdFU0FCZ0xFZ3B0WVc1dWVYZGxiR3g2OGdFTUNncE5ZVzV1ZVhkbGJHeDZDaTRLQzIxaFoybGpJSEJwYkc5MDZnRVVDaEphRUFvSENJWUJFZ0FZQ3hJRmNHbHNiM1R5QVFjS0JWQnBiRzkwQ2pvS0QyMWhaMmxqSUc1dklIZGhlU0J1Yi1vQkdBb1dXaFFLQndpR0FSSUFHQXNTQ1c1dlgzZGhlVjl1Yl9JQkN3b0pUbThnZDJGNUlHNXZDbElLRjIxaFoybGpJSFJ5YVdOcmN5QjNhWFJvSUdOaGNtUno2Z0VnQ2g1YUhBb0hDSVlCRWdBWUN4SVJkSEpwWTJ0elgzZHBkR2hmWTJGeVpIUHlBUk1LRVZSeWFXTnJjeUIzYVhSb0lHTmhjbVJ6Q2xVS0dHMWhaMmxqSUd4bGRDQjViM1Z5SUdoaGFYSWdaRzkzYnVvQklRb2ZXaDBLQndpR0FSSUFHQXNTRW14bGRGOTViM1Z5WDJoaGFYSmZaRzkzYnZJQkZBb1NUR1YwSUhsdmRYSWdhR0ZwY2lCa2IzZHVDaWdLQ1cxaFoybGpJR0p2WXVvQkVnb1FXZzRLQndpR0FSSUFHQXNTQTJKdll2SUJCUW9EUW05aUNqb0tEMjFoWjJsaklISmxaQ0JrY21WemMtb0JHQW9XV2hRS0J3aUdBUklBR0FzU0NYSmxaRjlrY21WemNfSUJDd29KVW1Wa0lHUnlaWE56Q2pRS0RXMWhaMmxqSUcxbFpHRnphVzdxQVJZS0ZGb1NDZ2NJaGdFU0FCZ0xFZ2R0WldSaGMybHU4Z0VKQ2dkTlpXUmhjMmx1Q252cUFROEtEVm9MQ2djSWhnRVNBQmdMR0V6eUFRMEtDMVZ1WkdWeUlEUWdiV2x1d2dKVEtHRWdlVzkxZEhWaVpWOXphRzl5ZEY5MmFXUmxieUE2ZEhsd1pUcHlJQ2h1SUhsdmRYUjFZbVZmWm14aFoxOW9ZWE5mYkdsMlpWOXpkSEpsWVcxZmJXVjBZV1JoZEdFOU1TQTZkSGx3WlRweUtTbTRBMHdLUS1vQkR3b05XZ3NLQndpR0FSSUFHQXNZVGZJQkRBb0tOQ0F0SURJd0lHMXBic0lDSEhsdmRYUjFZbVZmYldWa2FYVnRYM1pwWkdWdklEcDBlWEJsT25LNEEwMEtRdW9CRHdvTldnc0tCd2lHQVJJQUdBc1lUdklCRFFvTFQzWmxjaUF5TUNCdGFXN0NBaHA1YjNWMGRXSmxYMnh2Ym1kZmRtbGtaVzhnT25SNWNHVTZjcmdEVGhnTFdnMEtDd2dFS2djSWhnRVNBQmdMWUFCNEFBJTNEJTNEkAEBGIHg6BgiC3NlYXJjaC1wYWdl
Slowed,EswQEgxtYWdpYyBzbG93ZWQauBBFcUFNa2dHY0REb09DZ3h0WVdkcFl5QnpiRzkzWldSS2lRd0tKd29GYldGbmFXUHFBUThLRFZvTENnY0loZ0VTQUJnTEdHSHlBUVVLQTBGc2JOZ0NBYmdEWVFxM0Flb0JEd29OV2dzS0J3aUdBUklBR0FzWUd2SUJDQW9HVTJodmNuUnp3Z0tRQVNoaElIbHZkWFIxWW1WZmMyaHZjblJ6WDJSbFptbHVhWFJwYjI0Z09uUjVjR1U2Y2lBb2JpQjViM1YwZFdKbFgyWnNZV2RmYUdGelgzQnlaVzFwWlhKbFgzWnBaR1Z2WDIxbGRHRmtZWFJoUFRFZ09uUjVjR1U2Y2lrZ0tHNGdlVzkxZEhWaVpWOW1iR0ZuWDJoaGMxOXNhWFpsWDNOMGNtVmhiVjl0WlhSaFpHRjBZVDB4SURwMGVYQmxPbklwS2ZnQ0FiZ0RHZ3BNNmdFUENnMWFDd29IQ0lZQkVnQVlDeGhJOGdFSUNnWldhV1JsYjNQQ0FocDViM1YwZFdKbFgzWnBaR1Z2WDNCaFoyVWdPblI1Y0dVNmN1Z0NBYWdEQWJnRFNNQURBY2dEQWRBREFRb282Z0VQQ2cxYUN3b0hDSVlCRWdBWUN4Z2M4Z0VMQ2dsVmJuZGhkR05vWldUS0FnSUlBYmdESEFvbTZnRVBDZzFhQ3dvSENJWUJFZ0FZQ3hoSzhnRUpDZ2RYWVhSamFHVmt5Z0lDR0FLNEEwb0tMV0FINmdFUENnMWFDd29IQ0lZQkVnQVlDeGdIOGdFVENoRlNaV05sYm5Sc2VTQjFjR3h2WVdSbFpMZ0RCd3BMNmdFUENnMWFDd29IQ0lZQkVnQVlDeGdFOGdFR0NnUk1hWFpsd2dJbmVXOTFkSFZpWlY5c2FYWmxYMkp5YjJGa1kyRnpkRjl6ZEdGMGRYTTlNQ0E2ZEhsd1pUcHk2QUlCdUFNRUNrd0tGVzFoWjJsaklIUnlhV05yY3lCbWIzSWdhMmxrYy1vQkhnb2NXaG9LQndpR0FSSUFHQXNTRDNSeWFXTnJjMTltYjNKZmEybGtjX0lCRVFvUFZISnBZMnR6SUdadmNpQnJhV1J6Q2pFS0RHMWhaMmxqSUhOc2IzZGxaT29CRlFvVFdoRUtCd2lHQVJJQUdBc1NCbk5zYjNkbFpQSUJDQW9HVTJ4dmQyVmtDa3dLRlcxaFoybGpJSFJ5YVdOcmN5QjBkWFJ2Y21saGJPb0JIZ29jV2hvS0J3aUdBUklBR0FzU0QzUnlhV05yYzE5MGRYUnZjbWxoYlBJQkVRb1BWSEpwWTJ0eklIUjFkRzl5YVdGc0NpNEtDMjFoWjJsaklITnZibWR6NmdFVUNoSmFFQW9IQ0lZQkVnQVlDeElGYzI5dVozUHlBUWNLQlZOdmJtZHpDajBLRUcxaFoybGpJRzFoYm01NWQyVnNiSHJxQVJrS0Yxb1ZDZ2NJaGdFU0FCZ0xFZ3B0WVc1dWVYZGxiR3g2OGdFTUNncE5ZVzV1ZVhkbGJHeDZDaTRLQzIxaFoybGpJSEJwYkc5MDZnRVVDaEphRUFvSENJWUJFZ0FZQ3hJRmNHbHNiM1R5QVFjS0JWQnBiRzkwQ2pvS0QyMWhaMmxqSUc1dklIZGhlU0J1Yi1vQkdBb1dXaFFLQndpR0FSSUFHQXNTQ1c1dlgzZGhlVjl1Yl9JQkN3b0pUbThnZDJGNUlHNXZDbElLRjIxaFoybGpJSFJ5YVdOcmN5QjNhWFJvSUdOaGNtUno2Z0VnQ2g1YUhBb0hDSVlCRWdBWUN4SVJkSEpwWTJ0elgzZHBkR2hmWTJGeVpIUHlBUk1LRVZSeWFXTnJjeUIzYVhSb0lHTmhjbVJ6Q2xVS0dHMWhaMmxqSUd4bGRDQjViM1Z5SUdoaGFYSWdaRzkzYnVvQklRb2ZXaDBLQndpR0FSSUFHQXNTRW14bGRGOTViM1Z5WDJoaGFYSmZaRzkzYnZJQkZBb1NUR1YwSUhsdmRYSWdhR0ZwY2lCa2IzZHVDaWdLQ1cxaFoybGpJR0p2WXVvQkVnb1FXZzRLQndpR0FSSUFHQXNTQTJKdll2SUJCUW9EUW05aUNqb0tEMjFoWjJsaklISmxaQ0JrY21WemMtb0JHQW9XV2hRS0J3aUdBUklBR0FzU0NYSmxaRjlrY21WemNfSUJDd29KVW1Wa0lHUnlaWE56Q2pRS0RXMWhaMmxqSUcxbFpHRnphVzdxQVJZS0ZGb1NDZ2NJaGdFU0FCZ0xFZ2R0WldSaGMybHU4Z0VKQ2dkTlpXUmhjMmx1Q252cUFROEtEVm9MQ2djSWhnRVNBQmdMR0V6eUFRMEtDMVZ1WkdWeUlEUWdiV2x1d2dKVEtHRWdlVzkxZEhWaVpWOXphRzl5ZEY5MmFXUmxieUE2ZEhsd1pUcHlJQ2h1SUhsdmRYUjFZbVZmWm14aFoxOW9ZWE5mYkdsMlpWOXpkSEpsWVcxZmJXVjBZV1JoZEdFOU1TQTZkSGx3WlRweUtTbTRBMHdLUS1vQkR3b05XZ3NLQndpR0FSSUFHQXNZVGZJQkRBb0tOQ0F0SURJd0lHMXBic0lDSEhsdmRYUjFZbVZmYldWa2FYVnRYM1pwWkdWdklEcDBlWEJsT25LNEEwMEtRdW9CRHdvTldnc0tCd2lHQVJJQUdBc1lUdklCRFFvTFQzWmxjaUF5TUNCdGFXN0NBaHA1YjNWMGRXSmxYMnh2Ym1kZmRtbGtaVzhnT25SNWNHVTZjcmdEVGhnTFdnMEtDd2dFS2djSWhnRVNBQmdMWUFCNEFBJTNEJTNEkAEBGIHg6BgiC3NlYXJjaC1wYWdl
Tricks tutorial,EuEQEhVtYWdpYyB0cmlja3MgdHV0b3JpYWwaxBBFcWtNa2dHbEREb1hDaFZ0WVdkcFl5QjBjbWxqYTNNZ2RIVjBiM0pwWVd4S2lRd0tKd29GYldGbmFXUHFBUThLRFZvTENnY0loZ0VTQUJnTEdHSHlBUVVLQTBGc2JOZ0NBYmdEWVFxM0Flb0JEd29OV2dzS0J3aUdBUklBR0FzWUd2SUJDQW9HVTJodmNuUnp3Z0tRQVNoaElIbHZkWFIxWW1WZmMyaHZjblJ6WDJSbFptbHVhWFJwYjI0Z09uUjVjR1U2Y2lBb2JpQjViM1YwZFdKbFgyWnNZV2RmYUdGelgzQnlaVzFwWlhKbFgzWnBaR1Z2WDIxbGRHRmtZWFJoUFRFZ09uUjVjR1U2Y2lrZ0tHNGdlVzkxZEhWaVpWOW1iR0ZuWDJoaGMxOXNhWFpsWDNOMGNtVmhiVjl0WlhSaFpHRjBZVDB4SURwMGVYQmxPbklwS2ZnQ0FiZ0RHZ3BNNmdFUENnMWFDd29IQ0lZQkVnQVlDeGhJOGdFSUNnWldhV1JsYjNQQ0FocDViM1YwZFdKbFgzWnBaR1Z2WDNCaFoyVWdPblI1Y0dVNmN1Z0NBYWdEQWJnRFNNQURBY2dEQWRBREFRb282Z0VQQ2cxYUN3b0hDSVlCRWdBWUN4Z2M4Z0VMQ2dsVmJuZGhkR05vWldUS0FnSUlBYmdESEFvbTZnRVBDZzFhQ3dvSENJWUJFZ0FZQ3hoSzhnRUpDZ2RYWVhSamFHVmt5Z0lDR0FLNEEwb0tMV0FINmdFUENnMWFDd29IQ0lZQkVnQVlDeGdIOGdFVENoRlNaV05sYm5Sc2VTQjFjR3h2WVdSbFpMZ0RCd3BMNmdFUENnMWFDd29IQ0lZQkVnQVlDeGdFOGdFR0NnUk1hWFpsd2dJbmVXOTFkSFZpWlY5c2FYWmxYMkp5YjJGa1kyRnpkRjl6ZEdGMGRYTTlNQ0E2ZEhsd1pUcHk2QUlCdUFNRUNrd0tGVzFoWjJsaklIUnlhV05yY3lCbWIzSWdhMmxrYy1vQkhnb2NXaG9LQndpR0FSSUFHQXNTRDNSeWFXTnJjMTltYjNKZmEybGtjX0lCRVFvUFZISnBZMnR6SUdadmNpQnJhV1J6Q2pFS0RHMWhaMmxqSUhOc2IzZGxaT29CRlFvVFdoRUtCd2lHQVJJQUdBc1NCbk5zYjNkbFpQSUJDQW9HVTJ4dmQyVmtDa3dLRlcxaFoybGpJSFJ5YVdOcmN5QjBkWFJ2Y21saGJPb0JIZ29jV2hvS0J3aUdBUklBR0FzU0QzUnlhV05yYzE5MGRYUnZjbWxoYlBJQkVRb1BWSEpwWTJ0eklIUjFkRzl5YVdGc0NpNEtDMjFoWjJsaklITnZibWR6NmdFVUNoSmFFQW9IQ0lZQkVnQVlDeElGYzI5dVozUHlBUWNLQlZOdmJtZHpDajBLRUcxaFoybGpJRzFoYm01NWQyVnNiSHJxQVJrS0Yxb1ZDZ2NJaGdFU0FCZ0xFZ3B0WVc1dWVYZGxiR3g2OGdFTUNncE5ZVzV1ZVhkbGJHeDZDaTRLQzIxaFoybGpJSEJwYkc5MDZnRVVDaEphRUFvSENJWUJFZ0FZQ3hJRmNHbHNiM1R5QVFjS0JWQnBiRzkwQ2pvS0QyMWhaMmxqSUc1dklIZGhlU0J1Yi1vQkdBb1dXaFFLQndpR0FSSUFHQXNTQ1c1dlgzZGhlVjl1Yl9JQkN3b0pUbThnZDJGNUlHNXZDbElLRjIxaFoybGpJSFJ5YVdOcmN5QjNhWFJvSUdOaGNtUno2Z0VnQ2g1YUhBb0hDSVlCRWdBWUN4SVJkSEpwWTJ0elgzZHBkR2hmWTJGeVpIUHlBUk1LRVZSeWFXTnJjeUIzYVhSb0lHTmhjbVJ6Q2xVS0dHMWhaMmxqSUd4bGRDQjViM1Z5SUdoaGFYSWdaRzkzYnVvQklRb2ZXaDBLQndpR0FSSUFHQXNTRW14bGRGOTViM1Z5WDJoaGFYSmZaRzkzYnZJQkZBb1NUR1YwSUhsdmRYSWdhR0ZwY2lCa2IzZHVDaWdLQ1cxaFoybGpJR0p2WXVvQkVnb1FXZzRLQndpR0FSSUFHQXNTQTJKdll2SUJCUW9EUW05aUNqb0tEMjFoWjJsaklISmxaQ0JrY21WemMtb0JHQW9XV2hRS0J3aUdBUklBR0FzU0NYSmxaRjlrY21WemNfSUJDd29KVW1Wa0lHUnlaWE56Q2pRS0RXMWhaMmxqSUcxbFpHRnphVzdxQVJZS0ZGb1NDZ2NJaGdFU0FCZ0xFZ2R0WldSaGMybHU4Z0VKQ2dkTlpXUmhjMmx1Q252cUFROEtEVm9MQ2djSWhnRVNBQmdMR0V6eUFRMEtDMVZ1WkdWeUlEUWdiV2x1d2dKVEtHRWdlVzkxZEhWaVpWOXphRzl5ZEY5MmFXUmxieUE2ZEhsd1pUcHlJQ2h1SUhsdmRYUjFZbVZmWm14aFoxOW9ZWE5mYkdsMlpWOXpkSEpsWVcxZmJXVjBZV1JoZEdFOU1TQTZkSGx3WlRweUtTbTRBMHdLUS1vQkR3b05XZ3NLQndpR0FSSUFHQXNZVGZJQkRBb0tOQ0F0SURJd0lHMXBic0lDSEhsdmRYUjFZbVZmYldWa2FYVnRYM1pwWkdWdklEcDBlWEJsT25LNEEwMEtRdW9CRHdvTldnc0tCd2lHQVJJQUdBc1lUdklCRFFvTFQzWmxjaUF5TUNCdGFXN0NBaHA1YjNWMGRXSmxYMnh2Ym1kZmRtbGtaVzhnT25SNWNHVTZjcmdEVGhnTFdnMEtDd2dFS2djSWhnRVNBQmdMWUFCNEFBJTNEJTNEkAEBGIHg6BgiC3NlYXJjaC1wYWdl
Songs,EsMQEgttYWdpYyBzb25ncxqwEEVwOE1rZ0diRERvTkNndHRZV2RwWXlCemIyNW5jMHFKREFvbkNnVnRZV2RwWS1vQkR3b05XZ3NLQndpR0FSSUFHQXNZWWZJQkJRb0RRV3hzMkFJQnVBTmhDcmNCNmdFUENnMWFDd29IQ0lZQkVnQVlDeGdhOGdFSUNnWlRhRzl5ZEhQQ0FwQUJLR0VnZVc5MWRIVmlaVjl6YUc5eWRITmZaR1ZtYVc1cGRHbHZiaUE2ZEhsd1pUcHlJQ2h1SUhsdmRYUjFZbVZmWm14aFoxOW9ZWE5mY0hKbGJXbGxjbVZmZG1sa1pXOWZiV1YwWVdSaGRHRTlNU0E2ZEhsd1pUcHlLU0FvYmlCNWIzVjBkV0psWDJac1lXZGZhR0Z6WDJ4cGRtVmZjM1J5WldGdFgyMWxkR0ZrWVhSaFBURWdPblI1Y0dVNmNpa3AtQUlCdUFNYUNrenFBUThLRFZvTENnY0loZ0VTQUJnTEdFanlBUWdLQmxacFpHVnZjOElDR25sdmRYUjFZbVZmZG1sa1pXOWZjR0ZuWlNBNmRIbHdaVHB5NkFJQnFBTUJ1QU5Jd0FNQnlBTUIwQU1CQ2lqcUFROEtEVm9MQ2djSWhnRVNBQmdMR0J6eUFRc0tDVlZ1ZDJGMFkyaGxaTW9DQWdnQnVBTWNDaWJxQVE4S0RWb0xDZ2NJaGdFU0FCZ0xHRXJ5QVFrS0IxZGhkR05vWldUS0FnSVlBcmdEU2dvdFlBZnFBUThLRFZvTENnY0loZ0VTQUJnTEdBZnlBUk1LRVZKbFkyVnVkR3g1SUhWd2JHOWhaR1ZrdUFNSENrdnFBUThLRFZvTENnY0loZ0VTQUJnTEdBVHlBUVlLQkV4cGRtWENBaWQ1YjNWMGRXSmxYMnhwZG1WZlluSnZZV1JqWVhOMFgzTjBZWFIxY3owd0lEcDBlWEJsT25Mb0FnRzRBd1FLVEFvVmJXRm5hV01nZEhKcFkydHpJR1p2Y2lCcmFXUno2Z0VlQ2h4YUdnb0hDSVlCRWdBWUN4SVBkSEpwWTJ0elgyWnZjbDlyYVdSejhnRVJDZzlVY21samEzTWdabTl5SUd0cFpITUtNUW9NYldGbmFXTWdjMnh2ZDJWazZnRVZDaE5hRVFvSENJWUJFZ0FZQ3hJR2MyeHZkMlZrOGdFSUNnWlRiRzkzWldRS1RBb1ZiV0ZuYVdNZ2RISnBZMnR6SUhSMWRHOXlhV0ZzNmdFZUNoeGFHZ29IQ0lZQkVnQVlDeElQZEhKcFkydHpYM1IxZEc5eWFXRnM4Z0VSQ2c5VWNtbGphM01nZEhWMGIzSnBZV3dLTGdvTGJXRm5hV01nYzI5dVozUHFBUlFLRWxvUUNnY0loZ0VTQUJnTEVnVnpiMjVuY19JQkJ3b0ZVMjl1WjNNS1BRb1FiV0ZuYVdNZ2JXRnVibmwzWld4c2V1b0JHUW9YV2hVS0J3aUdBUklBR0FzU0NtMWhibTU1ZDJWc2JIcnlBUXdLQ2sxaGJtNTVkMlZzYkhvS0xnb0xiV0ZuYVdNZ2NHbHNiM1RxQVJRS0Vsb1FDZ2NJaGdFU0FCZ0xFZ1Z3YVd4dmRQSUJCd29GVUdsc2IzUUtPZ29QYldGbmFXTWdibThnZDJGNUlHNXY2Z0VZQ2haYUZBb0hDSVlCRWdBWUN4SUpibTlmZDJGNVgyNXY4Z0VMQ2dsT2J5QjNZWGtnYm04S1Vnb1hiV0ZuYVdNZ2RISnBZMnR6SUhkcGRHZ2dZMkZ5WkhQcUFTQUtIbG9jQ2djSWhnRVNBQmdMRWhGMGNtbGphM05mZDJsMGFGOWpZWEprY19JQkV3b1JWSEpwWTJ0eklIZHBkR2dnWTJGeVpITUtWUW9ZYldGbmFXTWdiR1YwSUhsdmRYSWdhR0ZwY2lCa2IzZHU2Z0VoQ2g5YUhRb0hDSVlCRWdBWUN4SVNiR1YwWDNsdmRYSmZhR0ZwY2w5a2IzZHU4Z0VVQ2hKTVpYUWdlVzkxY2lCb1lXbHlJR1J2ZDI0S0tBb0piV0ZuYVdNZ1ltOWk2Z0VTQ2hCYURnb0hDSVlCRWdBWUN4SURZbTlpOGdFRkNnTkNiMklLT2dvUGJXRm5hV01nY21Wa0lHUnlaWE56NmdFWUNoWmFGQW9IQ0lZQkVnQVlDeElKY21Wa1gyUnlaWE56OGdFTENnbFNaV1FnWkhKbGMzTUtOQW9OYldGbmFXTWdiV1ZrWVhOcGJ1b0JGZ29VV2hJS0J3aUdBUklBR0FzU0IyMWxaR0Z6YVc3eUFRa0tCMDFsWkdGemFXNEtlLW9CRHdvTldnc0tCd2lHQVJJQUdBc1lUUElCRFFvTFZXNWtaWElnTkNCdGFXN0NBbE1vWVNCNWIzVjBkV0psWDNOb2IzSjBYM1pwWkdWdklEcDBlWEJsT25JZ0tHNGdlVzkxZEhWaVpWOW1iR0ZuWDJoaGMxOXNhWFpsWDNOMGNtVmhiVjl0WlhSaFpHRjBZVDB4SURwMGVYQmxPbklwS2JnRFRBcEQ2Z0VQQ2cxYUN3b0hDSVlCRWdBWUN4aE44Z0VNQ2dvMElDMGdNakFnYldsdXdnSWNlVzkxZEhWaVpWOXRaV1JwZFcxZmRtbGtaVzhnT25SNWNHVTZjcmdEVFFwQzZnRVBDZzFhQ3dvSENJWUJFZ0FZQ3hoTzhnRU5DZ3RQZG1WeUlESXdJRzFwYnNJQ0dubHZkWFIxWW1WZmJHOXVaMTkyYVdSbGJ5QTZkSGx3WlRweXVBTk9HQXRhRFFvTENBUXFCd2lHQVJJQUdBdGdBSGdBkAEBGIHg6BgiC3NlYXJjaC1wYWdl
Mannywellz,EtIQEhBtYWdpYyBtYW5ueXdlbGx6GroQRXFRTWtnR2dERG9TQ2hCdFlXZHBZeUJ0WVc1dWVYZGxiR3g2U29rTUNpY0tCVzFoWjJsajZnRVBDZzFhQ3dvSENJWUJFZ0FZQ3hoaDhnRUZDZ05CYkd6WUFnRzRBMkVLdHdIcUFROEtEVm9MQ2djSWhnRVNBQmdMR0JyeUFRZ0tCbE5vYjNKMGM4SUNrQUVvWVNCNWIzVjBkV0psWDNOb2IzSjBjMTlrWldacGJtbDBhVzl1SURwMGVYQmxPbklnS0c0Z2VXOTFkSFZpWlY5bWJHRm5YMmhoYzE5d2NtVnRhV1Z5WlY5MmFXUmxiMTl0WlhSaFpHRjBZVDB4SURwMGVYQmxPbklwSUNodUlIbHZkWFIxWW1WZlpteGhaMTlvWVhOZmJHbDJaVjl6ZEhKbFlXMWZiV1YwWVdSaGRHRTlNU0E2ZEhsd1pUcHlLU240QWdHNEF4b0tUT29CRHdvTldnc0tCd2lHQVJJQUdBc1lTUElCQ0FvR1ZtbGtaVzl6d2dJYWVXOTFkSFZpWlY5MmFXUmxiMTl3WVdkbElEcDBlWEJsT25Mb0FnR29Bd0c0QTBqQUF3SElBd0hRQXdFS0tPb0JEd29OV2dzS0J3aUdBUklBR0FzWUhQSUJDd29KVlc1M1lYUmphR1ZreWdJQ0NBRzRBeHdLSnVvQkR3b05XZ3NLQndpR0FSSUFHQXNZU3ZJQkNRb0hWMkYwWTJobFpNb0NBaGdDdUFOS0NpMWdCLW9CRHdvTldnc0tCd2lHQVJJQUdBc1lCX0lCRXdvUlVtVmpaVzUwYkhrZ2RYQnNiMkZrWldTNEF3Y0tTLW9CRHdvTldnc0tCd2lHQVJJQUdBc1lCUElCQmdvRVRHbDJaY0lDSjNsdmRYUjFZbVZmYkdsMlpWOWljbTloWkdOaGMzUmZjM1JoZEhWelBUQWdPblI1Y0dVNmN1Z0NBYmdEQkFwTUNoVnRZV2RwWXlCMGNtbGphM01nWm05eUlHdHBaSFBxQVI0S0hGb2FDZ2NJaGdFU0FCZ0xFZzkwY21samEzTmZabTl5WDJ0cFpIUHlBUkVLRDFSeWFXTnJjeUJtYjNJZ2EybGtjd294Q2d4dFlXZHBZeUJ6Ykc5M1pXVHFBUlVLRTFvUkNnY0loZ0VTQUJnTEVnWnpiRzkzWldUeUFRZ0tCbE5zYjNkbFpBcE1DaFZ0WVdkcFl5QjBjbWxqYTNNZ2RIVjBiM0pwWVd6cUFSNEtIRm9hQ2djSWhnRVNBQmdMRWc5MGNtbGphM05mZEhWMGIzSnBZV3p5QVJFS0QxUnlhV05yY3lCMGRYUnZjbWxoYkFvdUNndHRZV2RwWXlCemIyNW5jLW9CRkFvU1doQUtCd2lHQVJJQUdBc1NCWE52Ym1kejhnRUhDZ1ZUYjI1bmN3bzlDaEJ0WVdkcFl5QnRZVzV1ZVhkbGJHeDY2Z0VaQ2hkYUZRb0hDSVlCRWdBWUN4SUtiV0Z1Ym5sM1pXeHNldklCREFvS1RXRnVibmwzWld4c2Vnb3VDZ3R0WVdkcFl5QndhV3h2ZE9vQkZBb1NXaEFLQndpR0FSSUFHQXNTQlhCcGJHOTA4Z0VIQ2dWUWFXeHZkQW82Q2c5dFlXZHBZeUJ1YnlCM1lYa2dibV9xQVJnS0Zsb1VDZ2NJaGdFU0FCZ0xFZ2x1YjE5M1lYbGZibV95QVFzS0NVNXZJSGRoZVNCdWJ3cFNDaGR0WVdkcFl5QjBjbWxqYTNNZ2QybDBhQ0JqWVhKa2Mtb0JJQW9lV2h3S0J3aUdBUklBR0FzU0VYUnlhV05yYzE5M2FYUm9YMk5oY21SejhnRVRDaEZVY21samEzTWdkMmwwYUNCallYSmtjd3BWQ2hodFlXZHBZeUJzWlhRZ2VXOTFjaUJvWVdseUlHUnZkMjdxQVNFS0gxb2RDZ2NJaGdFU0FCZ0xFaEpzWlhSZmVXOTFjbDlvWVdseVgyUnZkMjd5QVJRS0VreGxkQ0I1YjNWeUlHaGhhWElnWkc5M2Jnb29DZ2x0WVdkcFl5QmliMkxxQVJJS0VGb09DZ2NJaGdFU0FCZ0xFZ05pYjJMeUFRVUtBMEp2WWdvNkNnOXRZV2RwWXlCeVpXUWdaSEpsYzNQcUFSZ0tGbG9VQ2djSWhnRVNBQmdMRWdseVpXUmZaSEpsYzNQeUFRc0tDVkpsWkNCa2NtVnpjd28wQ2cxdFlXZHBZeUJ0WldSaGMybHU2Z0VXQ2hSYUVnb0hDSVlCRWdBWUN4SUhiV1ZrWVhOcGJ2SUJDUW9IVFdWa1lYTnBiZ3A3NmdFUENnMWFDd29IQ0lZQkVnQVlDeGhNOGdFTkNndFZibVJsY2lBMElHMXBic0lDVXloaElIbHZkWFIxWW1WZmMyaHZjblJmZG1sa1pXOGdPblI1Y0dVNmNpQW9iaUI1YjNWMGRXSmxYMlpzWVdkZmFHRnpYMnhwZG1WZmMzUnlaV0Z0WDIxbGRHRmtZWFJoUFRFZ09uUjVjR1U2Y2lrcHVBTk1Da1BxQVE4S0RWb0xDZ2NJaGdFU0FCZ0xHRTN5QVF3S0NqUWdMU0F5TUNCdGFXN0NBaHg1YjNWMGRXSmxYMjFsWkdsMWJWOTJhV1JsYnlBNmRIbHdaVHB5dUFOTkNrTHFBUThLRFZvTENnY0loZ0VTQUJnTEdFN3lBUTBLQzA5MlpYSWdNakFnYldsdXdnSWFlVzkxZEhWaVpWOXNiMjVuWDNacFpHVnZJRHAwZVhCbE9uSzRBMDRZQzFvTkNnc0lCQ29IQ0lZQkVnQVlDMkFBZUFBJTNEkAEBGIHg6BgiC3NlYXJjaC1wYWdl
Pilot,EsMQEgttYWdpYyBwaWxvdBqwEEVwOE1rZ0diRERvTkNndHRZV2RwWXlCd2FXeHZkRXFKREFvbkNnVnRZV2RwWS1vQkR3b05XZ3NLQndpR0FSSUFHQXNZWWZJQkJRb0RRV3hzMkFJQnVBTmhDcmNCNmdFUENnMWFDd29IQ0lZQkVnQVlDeGdhOGdFSUNnWlRhRzl5ZEhQQ0FwQUJLR0VnZVc5MWRIVmlaVjl6YUc5eWRITmZaR1ZtYVc1cGRHbHZiaUE2ZEhsd1pUcHlJQ2h1SUhsdmRYUjFZbVZmWm14aFoxOW9ZWE5mY0hKbGJXbGxjbVZmZG1sa1pXOWZiV1YwWVdSaGRHRTlNU0E2ZEhsd1pUcHlLU0FvYmlCNWIzVjBkV0psWDJac1lXZGZhR0Z6WDJ4cGRtVmZjM1J5WldGdFgyMWxkR0ZrWVhSaFBURWdPblI1Y0dVNmNpa3AtQUlCdUFNYUNrenFBUThLRFZvTENnY0loZ0VTQUJnTEdFanlBUWdLQmxacFpHVnZjOElDR25sdmRYUjFZbVZmZG1sa1pXOWZjR0ZuWlNBNmRIbHdaVHB5NkFJQnFBTUJ1QU5Jd0FNQnlBTUIwQU1CQ2lqcUFROEtEVm9MQ2djSWhnRVNBQmdMR0J6eUFRc0tDVlZ1ZDJGMFkyaGxaTW9DQWdnQnVBTWNDaWJxQVE4S0RWb0xDZ2NJaGdFU0FCZ0xHRXJ5QVFrS0IxZGhkR05vWldUS0FnSVlBcmdEU2dvdFlBZnFBUThLRFZvTENnY0loZ0VTQUJnTEdBZnlBUk1LRVZKbFkyVnVkR3g1SUhWd2JHOWhaR1ZrdUFNSENrdnFBUThLRFZvTENnY0loZ0VTQUJnTEdBVHlBUVlLQkV4cGRtWENBaWQ1YjNWMGRXSmxYMnhwZG1WZlluSnZZV1JqWVhOMFgzTjBZWFIxY3owd0lEcDBlWEJsT25Mb0FnRzRBd1FLVEFvVmJXRm5hV01nZEhKcFkydHpJR1p2Y2lCcmFXUno2Z0VlQ2h4YUdnb0hDSVlCRWdBWUN4SVBkSEpwWTJ0elgyWnZjbDlyYVdSejhnRVJDZzlVY21samEzTWdabTl5SUd0cFpITUtNUW9NYldGbmFXTWdjMnh2ZDJWazZnRVZDaE5hRVFvSENJWUJFZ0FZQ3hJR2MyeHZkMlZrOGdFSUNnWlRiRzkzWldRS1RBb1ZiV0ZuYVdNZ2RISnBZMnR6SUhSMWRHOXlhV0ZzNmdFZUNoeGFHZ29IQ0lZQkVnQVlDeElQZEhKcFkydHpYM1IxZEc5eWFXRnM4Z0VSQ2c5VWNtbGphM01nZEhWMGIzSnBZV3dLTGdvTGJXRm5hV01nYzI5dVozUHFBUlFLRWxvUUNnY0loZ0VTQUJnTEVnVnpiMjVuY19JQkJ3b0ZVMjl1WjNNS1BRb1FiV0ZuYVdNZ2JXRnVibmwzWld4c2V1b0JHUW9YV2hVS0J3aUdBUklBR0FzU0NtMWhibTU1ZDJWc2JIcnlBUXdLQ2sxaGJtNTVkMlZzYkhvS0xnb0xiV0ZuYVdNZ2NHbHNiM1RxQVJRS0Vsb1FDZ2NJaGdFU0FCZ0xFZ1Z3YVd4dmRQSUJCd29GVUdsc2IzUUtPZ29QYldGbmFXTWdibThnZDJGNUlHNXY2Z0VZQ2haYUZBb0hDSVlCRWdBWUN4SUpibTlmZDJGNVgyNXY4Z0VMQ2dsT2J5QjNZWGtnYm04S1Vnb1hiV0ZuYVdNZ2RISnBZMnR6SUhkcGRHZ2dZMkZ5WkhQcUFTQUtIbG9jQ2djSWhnRVNBQmdMRWhGMGNtbGphM05mZDJsMGFGOWpZWEprY19JQkV3b1JWSEpwWTJ0eklIZHBkR2dnWTJGeVpITUtWUW9ZYldGbmFXTWdiR1YwSUhsdmRYSWdhR0ZwY2lCa2IzZHU2Z0VoQ2g5YUhRb0hDSVlCRWdBWUN4SVNiR1YwWDNsdmRYSmZhR0ZwY2w5a2IzZHU4Z0VVQ2hKTVpYUWdlVzkxY2lCb1lXbHlJR1J2ZDI0S0tBb0piV0ZuYVdNZ1ltOWk2Z0VTQ2hCYURnb0hDSVlCRWdBWUN4SURZbTlpOGdFRkNnTkNiMklLT2dvUGJXRm5hV01nY21Wa0lHUnlaWE56NmdFWUNoWmFGQW9IQ0lZQkVnQVlDeElKY21Wa1gyUnlaWE56OGdFTENnbFNaV1FnWkhKbGMzTUtOQW9OYldGbmFXTWdiV1ZrWVhOcGJ1b0JGZ29VV2hJS0J3aUdBUklBR0FzU0IyMWxaR0Z6YVc3eUFRa0tCMDFsWkdGemFXNEtlLW9CRHdvTldnc0tCd2lHQVJJQUdBc1lUUElCRFFvTFZXNWtaWElnTkNCdGFXN0NBbE1vWVNCNWIzVjBkV0psWDNOb2IzSjBYM1pwWkdWdklEcDBlWEJsT25JZ0tHNGdlVzkxZEhWaVpWOW1iR0ZuWDJoaGMxOXNhWFpsWDNOMGNtVmhiVjl0WlhSaFpHRjBZVDB4SURwMGVYQmxPbklwS2JnRFRBcEQ2Z0VQQ2cxYUN3b0hDSVlCRWdBWUN4aE44Z0VNQ2dvMElDMGdNakFnYldsdXdnSWNlVzkxZEhWaVpWOXRaV1JwZFcxZmRtbGtaVzhnT25SNWNHVTZjcmdEVFFwQzZnRVBDZzFhQ3dvSENJWUJFZ0FZQ3hoTzhnRU5DZ3RQZG1WeUlESXdJRzFwYnNJQ0dubHZkWFIxWW1WZmJHOXVaMTkyYVdSbGJ5QTZkSGx3WlRweXVBTk9HQXRhRFFvTENBUXFCd2lHQVJJQUdBdGdBSGdBkAEBGIHg6BgiC3NlYXJjaC1wYWdl
No way no,EtMQEg9tYWdpYyBubyB3YXkgbm8avBBFcU1Na2dHZkREb1JDZzl0WVdkcFl5QnVieUIzWVhrZ2JtOUtpUXdLSndvRmJXRm5hV1BxQVE4S0RWb0xDZ2NJaGdFU0FCZ0xHR0h5QVFVS0EwRnNiTmdDQWJnRFlRcTNBZW9CRHdvTldnc0tCd2lHQVJJQUdBc1lHdklCQ0FvR1UyaHZjblJ6d2dLUUFTaGhJSGx2ZFhSMVltVmZjMmh2Y25SelgyUmxabWx1YVhScGIyNGdPblI1Y0dVNmNpQW9iaUI1YjNWMGRXSmxYMlpzWVdkZmFHRnpYM0J5WlcxcFpYSmxYM1pwWkdWdlgyMWxkR0ZrWVhSaFBURWdPblI1Y0dVNmNpa2dLRzRnZVc5MWRIVmlaVjltYkdGblgyaGhjMTlzYVhabFgzTjBjbVZoYlY5dFpYUmhaR0YwWVQweElEcDBlWEJsT25JcEtmZ0NBYmdER2dwTTZnRVBDZzFhQ3dvSENJWUJFZ0FZQ3hoSThnRUlDZ1pXYVdSbGIzUENBaHA1YjNWMGRXSmxYM1pwWkdWdlgzQmhaMlVnT25SNWNHVTZjdWdDQWFnREFiZ0RTTUFEQWNnREFkQURBUW9vNmdFUENnMWFDd29IQ0lZQkVnQVlDeGdjOGdFTENnbFZibmRoZEdOb1pXVEtBZ0lJQWJnREhBb202Z0VQQ2cxYUN3b0hDSVlCRWdBWUN4aEs4Z0VKQ2dkWFlYUmphR1ZreWdJQ0dBSzRBMG9LTFdBSDZnRVBDZzFhQ3dvSENJWUJFZ0FZQ3hnSDhnRVRDaEZTWldObGJuUnNlU0IxY0d4dllXUmxaTGdEQndwTDZnRVBDZzFhQ3dvSENJWUJFZ0FZQ3hnRThnRUdDZ1JNYVhabHdnSW5lVzkxZEhWaVpWOXNhWFpsWDJKeWIyRmtZMkZ6ZEY5emRHRjBkWE05TUNBNmRIbHdaVHB5NkFJQnVBTUVDa3dLRlcxaFoybGpJSFJ5YVdOcmN5Qm1iM0lnYTJsa2Mtb0JIZ29jV2hvS0J3aUdBUklBR0FzU0QzUnlhV05yYzE5bWIzSmZhMmxrY19JQkVRb1BWSEpwWTJ0eklHWnZjaUJyYVdSekNqRUtERzFoWjJsaklITnNiM2RsWk9vQkZRb1RXaEVLQndpR0FSSUFHQXNTQm5Oc2IzZGxaUElCQ0FvR1UyeHZkMlZrQ2t3S0ZXMWhaMmxqSUhSeWFXTnJjeUIwZFhSdmNtbGhiT29CSGdvY1dob0tCd2lHQVJJQUdBc1NEM1J5YVdOcmMxOTBkWFJ2Y21saGJQSUJFUW9QVkhKcFkydHpJSFIxZEc5eWFXRnNDaTRLQzIxaFoybGpJSE52Ym1kejZnRVVDaEphRUFvSENJWUJFZ0FZQ3hJRmMyOXVaM1B5QVFjS0JWTnZibWR6Q2owS0VHMWhaMmxqSUcxaGJtNTVkMlZzYkhycUFSa0tGMW9WQ2djSWhnRVNBQmdMRWdwdFlXNXVlWGRsYkd4NjhnRU1DZ3BOWVc1dWVYZGxiR3g2Q2k0S0MyMWhaMmxqSUhCcGJHOTA2Z0VVQ2hKYUVBb0hDSVlCRWdBWUN4SUZjR2xzYjNUeUFRY0tCVkJwYkc5MENqb0tEMjFoWjJsaklHNXZJSGRoZVNCdWItb0JHQW9XV2hRS0J3aUdBUklBR0FzU0NXNXZYM2RoZVY5dWJfSUJDd29KVG04Z2QyRjVJRzV2Q2xJS0YyMWhaMmxqSUhSeWFXTnJjeUIzYVhSb0lHTmhjbVJ6NmdFZ0NoNWFIQW9IQ0lZQkVnQVlDeElSZEhKcFkydHpYM2RwZEdoZlkyRnlaSFB5QVJNS0VWUnlhV05yY3lCM2FYUm9JR05oY21SekNsVUtHRzFoWjJsaklHeGxkQ0I1YjNWeUlHaGhhWElnWkc5M2J1b0JJUW9mV2gwS0J3aUdBUklBR0FzU0VteGxkRjk1YjNWeVgyaGhhWEpmWkc5M2J2SUJGQW9TVEdWMElIbHZkWElnYUdGcGNpQmtiM2R1Q2lnS0NXMWhaMmxqSUdKdll1b0JFZ29RV2c0S0J3aUdBUklBR0FzU0EySnZZdklCQlFvRFFtOWlDam9LRDIxaFoybGpJSEpsWkNCa2NtVnpjLW9CR0FvV1doUUtCd2lHQVJJQUdBc1NDWEpsWkY5a2NtVnpjX0lCQ3dvSlVtVmtJR1J5WlhOekNqUUtEVzFoWjJsaklHMWxaR0Z6YVc3cUFSWUtGRm9TQ2djSWhnRVNBQmdMRWdkdFpXUmhjMmx1OGdFSkNnZE5aV1JoYzJsdUNudnFBUThLRFZvTENnY0loZ0VTQUJnTEdFenlBUTBLQzFWdVpHVnlJRFFnYldsdXdnSlRLR0VnZVc5MWRIVmlaVjl6YUc5eWRGOTJhV1JsYnlBNmRIbHdaVHB5SUNodUlIbHZkWFIxWW1WZlpteGhaMTlvWVhOZmJHbDJaVjl6ZEhKbFlXMWZiV1YwWVdSaGRHRTlNU0E2ZEhsd1pUcHlLU200QTB3S1Etb0JEd29OV2dzS0J3aUdBUklBR0FzWVRmSUJEQW9LTkNBdElESXdJRzFwYnNJQ0hIbHZkWFIxWW1WZmJXVmthWFZ0WDNacFpHVnZJRHAwZVhCbE9uSzRBMDBLUXVvQkR3b05XZ3NLQndpR0FSSUFHQXNZVHZJQkRRb0xUM1psY2lBeU1DQnRhVzdDQWhwNWIzVjBkV0psWDJ4dmJtZGZkbWxrWlc4Z09uUjVjR1U2Y3JnRFRoZ0xXZzBLQ3dnRUtnY0loZ0VTQUJnTFlBQjRBQSUzRCUzRJABARiB4OgYIgtzZWFyY2gtcGFnZQ%3D%3D
Tricks with cards,Et8QEhdtYWdpYyB0cmlja3Mgd2l0aCBjYXJkcxrAEEVxc01rZ0duRERvWkNoZHRZV2RwWXlCMGNtbGphM01nZDJsMGFDQmpZWEprYzBxSkRBb25DZ1Z0WVdkcFktb0JEd29OV2dzS0J3aUdBUklBR0FzWVlmSUJCUW9EUVd4czJBSUJ1QU5oQ3JjQjZnRVBDZzFhQ3dvSENJWUJFZ0FZQ3hnYThnRUlDZ1pUYUc5eWRIUENBcEFCS0dFZ2VXOTFkSFZpWlY5emFHOXlkSE5mWkdWbWFXNXBkR2x2YmlBNmRIbHdaVHB5SUNodUlIbHZkWFIxWW1WZlpteGhaMTlvWVhOZmNISmxiV2xsY21WZmRtbGtaVzlmYldWMFlXUmhkR0U5TVNBNmRIbHdaVHB5S1NBb2JpQjViM1YwZFdKbFgyWnNZV2RmYUdGelgyeHBkbVZmYzNSeVpXRnRYMjFsZEdGa1lYUmhQVEVnT25SNWNHVTZjaWtwLUFJQnVBTWFDa3pxQVE4S0RWb0xDZ2NJaGdFU0FCZ0xHRWp5QVFnS0JsWnBaR1Z2YzhJQ0dubHZkWFIxWW1WZmRtbGtaVzlmY0dGblpTQTZkSGx3WlRweTZBSUJxQU1CdUFOSXdBTUJ5QU1CMEFNQkNpanFBUThLRFZvTENnY0loZ0VTQUJnTEdCenlBUXNLQ1ZWdWQyRjBZMmhsWk1vQ0FnZ0J1QU1jQ2licUFROEtEVm9MQ2djSWhnRVNBQmdMR0VyeUFRa0tCMWRoZEdOb1pXVEtBZ0lZQXJnRFNnb3RZQWZxQVE4S0RWb0xDZ2NJaGdFU0FCZ0xHQWZ5QVJNS0VWSmxZMlZ1ZEd4NUlIVndiRzloWkdWa3VBTUhDa3ZxQVE4S0RWb0xDZ2NJaGdFU0FCZ0xHQVR5QVFZS0JFeHBkbVhDQWlkNWIzVjBkV0psWDJ4cGRtVmZZbkp2WVdSallYTjBYM04wWVhSMWN6MHdJRHAwZVhCbE9uTG9BZ0c0QXdRS1RBb1ZiV0ZuYVdNZ2RISnBZMnR6SUdadmNpQnJhV1J6NmdFZUNoeGFHZ29IQ0lZQkVnQVlDeElQZEhKcFkydHpYMlp2Y2w5cmFXUno4Z0VSQ2c5VWNtbGphM01nWm05eUlHdHBaSE1LTVFvTWJXRm5hV01nYzJ4dmQyVms2Z0VWQ2hOYUVRb0hDSVlCRWdBWUN4SUdjMnh2ZDJWazhnRUlDZ1pUYkc5M1pXUUtUQW9WYldGbmFXTWdkSEpwWTJ0eklIUjFkRzl5YVdGczZnRWVDaHhhR2dvSENJWUJFZ0FZQ3hJUGRISnBZMnR6WDNSMWRHOXlhV0ZzOGdFUkNnOVVjbWxqYTNNZ2RIVjBiM0pwWVd3S0xnb0xiV0ZuYVdNZ2MyOXVaM1BxQVJRS0Vsb1FDZ2NJaGdFU0FCZ0xFZ1Z6YjI1bmNfSUJCd29GVTI5dVozTUtQUW9RYldGbmFXTWdiV0Z1Ym5sM1pXeHNldW9CR1FvWFdoVUtCd2lHQVJJQUdBc1NDbTFoYm01NWQyVnNiSHJ5QVF3S0NrMWhibTU1ZDJWc2JIb0tMZ29MYldGbmFXTWdjR2xzYjNUcUFSUUtFbG9RQ2djSWhnRVNBQmdMRWdWd2FXeHZkUElCQndvRlVHbHNiM1FLT2dvUGJXRm5hV01nYm04Z2QyRjVJRzV2NmdFWUNoWmFGQW9IQ0lZQkVnQVlDeElKYm05ZmQyRjVYMjV2OGdFTENnbE9ieUIzWVhrZ2JtOEtVZ29YYldGbmFXTWdkSEpwWTJ0eklIZHBkR2dnWTJGeVpIUHFBU0FLSGxvY0NnY0loZ0VTQUJnTEVoRjBjbWxqYTNOZmQybDBhRjlqWVhKa2NfSUJFd29SVkhKcFkydHpJSGRwZEdnZ1kyRnlaSE1LVlFvWWJXRm5hV01nYkdWMElIbHZkWElnYUdGcGNpQmtiM2R1NmdFaENoOWFIUW9IQ0lZQkVnQVlDeElTYkdWMFgzbHZkWEpmYUdGcGNsOWtiM2R1OGdFVUNoSk1aWFFnZVc5MWNpQm9ZV2x5SUdSdmQyNEtLQW9KYldGbmFXTWdZbTlpNmdFU0NoQmFEZ29IQ0lZQkVnQVlDeElEWW05aThnRUZDZ05DYjJJS09nb1BiV0ZuYVdNZ2NtVmtJR1J5WlhOejZnRVlDaFphRkFvSENJWUJFZ0FZQ3hJSmNtVmtYMlJ5WlhOejhnRUxDZ2xTWldRZ1pISmxjM01LTkFvTmJXRm5hV01nYldWa1lYTnBidW9CRmdvVVdoSUtCd2lHQVJJQUdBc1NCMjFsWkdGemFXN3lBUWtLQjAxbFpHRnphVzRLZS1vQkR3b05XZ3NLQndpR0FSSUFHQXNZVFBJQkRRb0xWVzVrWlhJZ05DQnRhVzdDQWxNb1lTQjViM1YwZFdKbFgzTm9iM0owWDNacFpHVnZJRHAwZVhCbE9uSWdLRzRnZVc5MWRIVmlaVjltYkdGblgyaGhjMTlzYVhabFgzTjBjbVZoYlY5dFpYUmhaR0YwWVQweElEcDBlWEJsT25JcEtiZ0RUQXBENmdFUENnMWFDd29IQ0lZQkVnQVlDeGhOOGdFTUNnbzBJQzBnTWpBZ2JXbHV3Z0ljZVc5MWRIVmlaVjl0WldScGRXMWZkbWxrWlc4Z09uUjVjR1U2Y3JnRFRRcEM2Z0VQQ2cxYUN3b0hDSVlCRWdBWUN4aE84Z0VOQ2d0UGRtVnlJREl3SUcxcGJzSUNHbmx2ZFhSMVltVmZiRzl1WjE5MmFXUmxieUE2ZEhsd1pUcHl1QU5PR0F0YURRb0xDQVFxQndpR0FSSUFHQXRnQUhnQZABARiB4OgYIgtzZWFyY2gtcGFnZQ%3D%3D
Let your hair down,EugQEhhtYWdpYyBsZXQgeW91ciBoYWlyIGRvd24ayBBFcXdNa2dHb0REb2FDaGh0WVdkcFl5QnNaWFFnZVc5MWNpQm9ZV2x5SUdSdmQyNUtpUXdLSndvRmJXRm5hV1BxQVE4S0RWb0xDZ2NJaGdFU0FCZ0xHR0h5QVFVS0EwRnNiTmdDQWJnRFlRcTNBZW9CRHdvTldnc0tCd2lHQVJJQUdBc1lHdklCQ0FvR1UyaHZjblJ6d2dLUUFTaGhJSGx2ZFhSMVltVmZjMmh2Y25SelgyUmxabWx1YVhScGIyNGdPblI1Y0dVNmNpQW9iaUI1YjNWMGRXSmxYMlpzWVdkZmFHRnpYM0J5WlcxcFpYSmxYM1pwWkdWdlgyMWxkR0ZrWVhSaFBURWdPblI1Y0dVNmNpa2dLRzRnZVc5MWRIVmlaVjltYkdGblgyaGhjMTlzYVhabFgzTjBjbVZoYlY5dFpYUmhaR0YwWVQweElEcDBlWEJsT25JcEtmZ0NBYmdER2dwTTZnRVBDZzFhQ3dvSENJWUJFZ0FZQ3hoSThnRUlDZ1pXYVdSbGIzUENBaHA1YjNWMGRXSmxYM1pwWkdWdlgzQmhaMlVnT25SNWNHVTZjdWdDQWFnREFiZ0RTTUFEQWNnREFkQURBUW9vNmdFUENnMWFDd29IQ0lZQkVnQVlDeGdjOGdFTENnbFZibmRoZEdOb1pXVEtBZ0lJQWJnREhBb202Z0VQQ2cxYUN3b0hDSVlCRWdBWUN4aEs4Z0VKQ2dkWFlYUmphR1ZreWdJQ0dBSzRBMG9LTFdBSDZnRVBDZzFhQ3dvSENJWUJFZ0FZQ3hnSDhnRVRDaEZTWldObGJuUnNlU0IxY0d4dllXUmxaTGdEQndwTDZnRVBDZzFhQ3dvSENJWUJFZ0FZQ3hnRThnRUdDZ1JNYVhabHdnSW5lVzkxZEhWaVpWOXNhWFpsWDJKeWIyRmtZMkZ6ZEY5emRHRjBkWE05TUNBNmRIbHdaVHB5NkFJQnVBTUVDa3dLRlcxaFoybGpJSFJ5YVdOcmN5Qm1iM0lnYTJsa2Mtb0JIZ29jV2hvS0J3aUdBUklBR0FzU0QzUnlhV05yYzE5bWIzSmZhMmxrY19JQkVRb1BWSEpwWTJ0eklHWnZjaUJyYVdSekNqRUtERzFoWjJsaklITnNiM2RsWk9vQkZRb1RXaEVLQndpR0FSSUFHQXNTQm5Oc2IzZGxaUElCQ0FvR1UyeHZkMlZrQ2t3S0ZXMWhaMmxqSUhSeWFXTnJjeUIwZFhSdmNtbGhiT29CSGdvY1dob0tCd2lHQVJJQUdBc1NEM1J5YVdOcmMxOTBkWFJ2Y21saGJQSUJFUW9QVkhKcFkydHpJSFIxZEc5eWFXRnNDaTRLQzIxaFoybGpJSE52Ym1kejZnRVVDaEphRUFvSENJWUJFZ0FZQ3hJRmMyOXVaM1B5QVFjS0JWTnZibWR6Q2owS0VHMWhaMmxqSUcxaGJtNTVkMlZzYkhycUFSa0tGMW9WQ2djSWhnRVNBQmdMRWdwdFlXNXVlWGRsYkd4NjhnRU1DZ3BOWVc1dWVYZGxiR3g2Q2k0S0MyMWhaMmxqSUhCcGJHOTA2Z0VVQ2hKYUVBb0hDSVlCRWdBWUN4SUZjR2xzYjNUeUFRY0tCVkJwYkc5MENqb0tEMjFoWjJsaklHNXZJSGRoZVNCdWItb0JHQW9XV2hRS0J3aUdBUklBR0FzU0NXNXZYM2RoZVY5dWJfSUJDd29KVG04Z2QyRjVJRzV2Q2xJS0YyMWhaMmxqSUhSeWFXTnJjeUIzYVhSb0lHTmhjbVJ6NmdFZ0NoNWFIQW9IQ0lZQkVnQVlDeElSZEhKcFkydHpYM2RwZEdoZlkyRnlaSFB5QVJNS0VWUnlhV05yY3lCM2FYUm9JR05oY21SekNsVUtHRzFoWjJsaklHeGxkQ0I1YjNWeUlHaGhhWElnWkc5M2J1b0JJUW9mV2gwS0J3aUdBUklBR0FzU0VteGxkRjk1YjNWeVgyaGhhWEpmWkc5M2J2SUJGQW9TVEdWMElIbHZkWElnYUdGcGNpQmtiM2R1Q2lnS0NXMWhaMmxqSUdKdll1b0JFZ29RV2c0S0J3aUdBUklBR0FzU0EySnZZdklCQlFvRFFtOWlDam9LRDIxaFoybGpJSEpsWkNCa2NtVnpjLW9CR0FvV1doUUtCd2lHQVJJQUdBc1NDWEpsWkY5a2NtVnpjX0lCQ3dvSlVtVmtJR1J5WlhOekNqUUtEVzFoWjJsaklHMWxaR0Z6YVc3cUFSWUtGRm9TQ2djSWhnRVNBQmdMRWdkdFpXUmhjMmx1OGdFSkNnZE5aV1JoYzJsdUNudnFBUThLRFZvTENnY0loZ0VTQUJnTEdFenlBUTBLQzFWdVpHVnlJRFFnYldsdXdnSlRLR0VnZVc5MWRIVmlaVjl6YUc5eWRGOTJhV1JsYnlBNmRIbHdaVHB5SUNodUlIbHZkWFIxWW1WZlpteGhaMTlvWVhOZmJHbDJaVjl6ZEhKbFlXMWZiV1YwWVdSaGRHRTlNU0E2ZEhsd1pUcHlLU200QTB3S1Etb0JEd29OV2dzS0J3aUdBUklBR0FzWVRmSUJEQW9LTkNBdElESXdJRzFwYnNJQ0hIbHZkWFIxWW1WZmJXVmthWFZ0WDNacFpHVnZJRHAwZVhCbE9uSzRBMDBLUXVvQkR3b05XZ3NLQndpR0FSSUFHQXNZVHZJQkRRb0xUM1psY2lBeU1DQnRhVzdDQWhwNWIzVjBkV0psWDJ4dmJtZGZkbWxrWlc4Z09uUjVjR1U2Y3JnRFRoZ0xXZzBLQ3dnRUtnY0loZ0VTQUJnTFlBQjRBQSUzRCUzRJABARiB4OgYIgtzZWFyY2gtcGFnZQ%3D%3D
Bob,EsUQEgltYWdpYyBib2IatBBFcDBNa2dHWkREb0xDZ2x0WVdkcFl5QmliMkpLaVF3S0p3b0ZiV0ZuYVdQcUFROEtEVm9MQ2djSWhnRVNBQmdMR0dIeUFRVUtBMEZzYk5nQ0FiZ0RZUXEzQWVvQkR3b05XZ3NLQndpR0FSSUFHQXNZR3ZJQkNBb0dVMmh2Y25SendnS1FBU2hoSUhsdmRYUjFZbVZmYzJodmNuUnpYMlJsWm1sdWFYUnBiMjRnT25SNWNHVTZjaUFvYmlCNWIzVjBkV0psWDJac1lXZGZhR0Z6WDNCeVpXMXBaWEpsWDNacFpHVnZYMjFsZEdGa1lYUmhQVEVnT25SNWNHVTZjaWtnS0c0Z2VXOTFkSFZpWlY5bWJHRm5YMmhoYzE5c2FYWmxYM04wY21WaGJWOXRaWFJoWkdGMFlUMHhJRHAwZVhCbE9uSXBLZmdDQWJnREdncE02Z0VQQ2cxYUN3b0hDSVlCRWdBWUN4aEk4Z0VJQ2daV2FXUmxiM1BDQWhwNWIzVjBkV0psWDNacFpHVnZYM0JoWjJVZ09uUjVjR1U2Y3VnQ0FhZ0RBYmdEU01BREFjZ0RBZEFEQVFvbzZnRVBDZzFhQ3dvSENJWUJFZ0FZQ3hnYzhnRUxDZ2xWYm5kaGRHTm9aV1RLQWdJSUFiZ0RIQW9tNmdFUENnMWFDd29IQ0lZQkVnQVlDeGhLOGdFSkNnZFhZWFJqYUdWa3lnSUNHQUs0QTBvS0xXQUg2Z0VQQ2cxYUN3b0hDSVlCRWdBWUN4Z0g4Z0VUQ2hGU1pXTmxiblJzZVNCMWNHeHZZV1JsWkxnREJ3cEw2Z0VQQ2cxYUN3b0hDSVlCRWdBWUN4Z0U4Z0VHQ2dSTWFYWmx3Z0luZVc5MWRIVmlaVjlzYVhabFgySnliMkZrWTJGemRGOXpkR0YwZFhNOU1DQTZkSGx3WlRweTZBSUJ1QU1FQ2t3S0ZXMWhaMmxqSUhSeWFXTnJjeUJtYjNJZ2EybGtjLW9CSGdvY1dob0tCd2lHQVJJQUdBc1NEM1J5YVdOcmMxOW1iM0pmYTJsa2NfSUJFUW9QVkhKcFkydHpJR1p2Y2lCcmFXUnpDakVLREcxaFoybGpJSE5zYjNkbFpPb0JGUW9UV2hFS0J3aUdBUklBR0FzU0JuTnNiM2RsWlBJQkNBb0dVMnh2ZDJWa0Nrd0tGVzFoWjJsaklIUnlhV05yY3lCMGRYUnZjbWxoYk9vQkhnb2NXaG9LQndpR0FSSUFHQXNTRDNSeWFXTnJjMTkwZFhSdmNtbGhiUElCRVFvUFZISnBZMnR6SUhSMWRHOXlhV0ZzQ2k0S0MyMWhaMmxqSUhOdmJtZHo2Z0VVQ2hKYUVBb0hDSVlCRWdBWUN4SUZjMjl1WjNQeUFRY0tCVk52Ym1kekNqMEtFRzFoWjJsaklHMWhibTU1ZDJWc2JIcnFBUmtLRjFvVkNnY0loZ0VTQUJnTEVncHRZVzV1ZVhkbGJHeDY4Z0VNQ2dwTllXNXVlWGRsYkd4NkNpNEtDMjFoWjJsaklIQnBiRzkwNmdFVUNoSmFFQW9IQ0lZQkVnQVlDeElGY0dsc2IzVHlBUWNLQlZCcGJHOTBDam9LRDIxaFoybGpJRzV2SUhkaGVTQnViLW9CR0FvV1doUUtCd2lHQVJJQUdBc1NDVzV2WDNkaGVWOXViX0lCQ3dvSlRtOGdkMkY1SUc1dkNsSUtGMjFoWjJsaklIUnlhV05yY3lCM2FYUm9JR05oY21SejZnRWdDaDVhSEFvSENJWUJFZ0FZQ3hJUmRISnBZMnR6WDNkcGRHaGZZMkZ5WkhQeUFSTUtFVlJ5YVdOcmN5QjNhWFJvSUdOaGNtUnpDbFVLR0cxaFoybGpJR3hsZENCNWIzVnlJR2hoYVhJZ1pHOTNidW9CSVFvZldoMEtCd2lHQVJJQUdBc1NFbXhsZEY5NWIzVnlYMmhoYVhKZlpHOTNidklCRkFvU1RHVjBJSGx2ZFhJZ2FHRnBjaUJrYjNkdUNpZ0tDVzFoWjJsaklHSnZZdW9CRWdvUVdnNEtCd2lHQVJJQUdBc1NBMkp2WXZJQkJRb0RRbTlpQ2pvS0QyMWhaMmxqSUhKbFpDQmtjbVZ6Yy1vQkdBb1dXaFFLQndpR0FSSUFHQXNTQ1hKbFpGOWtjbVZ6Y19JQkN3b0pVbVZrSUdSeVpYTnpDalFLRFcxaFoybGpJRzFsWkdGemFXN3FBUllLRkZvU0NnY0loZ0VTQUJnTEVnZHRaV1JoYzJsdThnRUpDZ2ROWldSaGMybHVDbnZxQVE4S0RWb0xDZ2NJaGdFU0FCZ0xHRXp5QVEwS0MxVnVaR1Z5SURRZ2JXbHV3Z0pUS0dFZ2VXOTFkSFZpWlY5emFHOXlkRjkyYVdSbGJ5QTZkSGx3WlRweUlDaHVJSGx2ZFhSMVltVmZabXhoWjE5b1lYTmZiR2wyWlY5emRISmxZVzFmYldWMFlXUmhkR0U5TVNBNmRIbHdaVHB5S1NtNEEwd0tRLW9CRHdvTldnc0tCd2lHQVJJQUdBc1lUZklCREFvS05DQXRJREl3SUcxcGJzSUNISGx2ZFhSMVltVmZiV1ZrYVhWdFgzWnBaR1Z2SURwMGVYQmxPbks0QTAwS1F1b0JEd29OV2dzS0J3aUdBUklBR0FzWVR2SUJEUW9MVDNabGNpQXlNQ0J0YVc3Q0FocDViM1YwZFdKbFgyeHZibWRmZG1sa1pXOGdPblI1Y0dVNmNyZ0RUaGdMV2cwS0N3Z0VLZ2NJaGdFU0FCZ0xZQUI0QUElM0QlM0SQAQEYgeDoGCILc2VhcmNoLXBhZ2U%3D
Red dress,EtMQEg9tYWdpYyByZWQgZHJlc3MavBBFcU1Na2dHZkREb1JDZzl0WVdkcFl5QnlaV1FnWkhKbGMzTktpUXdLSndvRmJXRm5hV1BxQVE4S0RWb0xDZ2NJaGdFU0FCZ0xHR0h5QVFVS0EwRnNiTmdDQWJnRFlRcTNBZW9CRHdvTldnc0tCd2lHQVJJQUdBc1lHdklCQ0FvR1UyaHZjblJ6d2dLUUFTaGhJSGx2ZFhSMVltVmZjMmh2Y25SelgyUmxabWx1YVhScGIyNGdPblI1Y0dVNmNpQW9iaUI1YjNWMGRXSmxYMlpzWVdkZmFHRnpYM0J5WlcxcFpYSmxYM1pwWkdWdlgyMWxkR0ZrWVhSaFBURWdPblI1Y0dVNmNpa2dLRzRnZVc5MWRIVmlaVjltYkdGblgyaGhjMTlzYVhabFgzTjBjbVZoYlY5dFpYUmhaR0YwWVQweElEcDBlWEJsT25JcEtmZ0NBYmdER2dwTTZnRVBDZzFhQ3dvSENJWUJFZ0FZQ3hoSThnRUlDZ1pXYVdSbGIzUENBaHA1YjNWMGRXSmxYM1pwWkdWdlgzQmhaMlVnT25SNWNHVTZjdWdDQWFnREFiZ0RTTUFEQWNnREFkQURBUW9vNmdFUENnMWFDd29IQ0lZQkVnQVlDeGdjOGdFTENnbFZibmRoZEdOb1pXVEtBZ0lJQWJnREhBb202Z0VQQ2cxYUN3b0hDSVlCRWdBWUN4aEs4Z0VKQ2dkWFlYUmphR1ZreWdJQ0dBSzRBMG9LTFdBSDZnRVBDZzFhQ3dvSENJWUJFZ0FZQ3hnSDhnRVRDaEZTWldObGJuUnNlU0IxY0d4dllXUmxaTGdEQndwTDZnRVBDZzFhQ3dvSENJWUJFZ0FZQ3hnRThnRUdDZ1JNYVhabHdnSW5lVzkxZEhWaVpWOXNhWFpsWDJKeWIyRmtZMkZ6ZEY5emRHRjBkWE05TUNBNmRIbHdaVHB5NkFJQnVBTUVDa3dLRlcxaFoybGpJSFJ5YVdOcmN5Qm1iM0lnYTJsa2Mtb0JIZ29jV2hvS0J3aUdBUklBR0FzU0QzUnlhV05yYzE5bWIzSmZhMmxrY19JQkVRb1BWSEpwWTJ0eklHWnZjaUJyYVdSekNqRUtERzFoWjJsaklITnNiM2RsWk9vQkZRb1RXaEVLQndpR0FSSUFHQXNTQm5Oc2IzZGxaUElCQ0FvR1UyeHZkMlZrQ2t3S0ZXMWhaMmxqSUhSeWFXTnJjeUIwZFhSdmNtbGhiT29CSGdvY1dob0tCd2lHQVJJQUdBc1NEM1J5YVdOcmMxOTBkWFJ2Y21saGJQSUJFUW9QVkhKcFkydHpJSFIxZEc5eWFXRnNDaTRLQzIxaFoybGpJSE52Ym1kejZnRVVDaEphRUFvSENJWUJFZ0FZQ3hJRmMyOXVaM1B5QVFjS0JWTnZibWR6Q2owS0VHMWhaMmxqSUcxaGJtNTVkMlZzYkhycUFSa0tGMW9WQ2djSWhnRVNBQmdMRWdwdFlXNXVlWGRsYkd4NjhnRU1DZ3BOWVc1dWVYZGxiR3g2Q2k0S0MyMWhaMmxqSUhCcGJHOTA2Z0VVQ2hKYUVBb0hDSVlCRWdBWUN4SUZjR2xzYjNUeUFRY0tCVkJwYkc5MENqb0tEMjFoWjJsaklHNXZJSGRoZVNCdWItb0JHQW9XV2hRS0J3aUdBUklBR0FzU0NXNXZYM2RoZVY5dWJfSUJDd29KVG04Z2QyRjVJRzV2Q2xJS0YyMWhaMmxqSUhSeWFXTnJjeUIzYVhSb0lHTmhjbVJ6NmdFZ0NoNWFIQW9IQ0lZQkVnQVlDeElSZEhKcFkydHpYM2RwZEdoZlkyRnlaSFB5QVJNS0VWUnlhV05yY3lCM2FYUm9JR05oY21SekNsVUtHRzFoWjJsaklHeGxkQ0I1YjNWeUlHaGhhWElnWkc5M2J1b0JJUW9mV2gwS0J3aUdBUklBR0FzU0VteGxkRjk1YjNWeVgyaGhhWEpmWkc5M2J2SUJGQW9TVEdWMElIbHZkWElnYUdGcGNpQmtiM2R1Q2lnS0NXMWhaMmxqSUdKdll1b0JFZ29RV2c0S0J3aUdBUklBR0FzU0EySnZZdklCQlFvRFFtOWlDam9LRDIxaFoybGpJSEpsWkNCa2NtVnpjLW9CR0FvV1doUUtCd2lHQVJJQUdBc1NDWEpsWkY5a2NtVnpjX0lCQ3dvSlVtVmtJR1J5WlhOekNqUUtEVzFoWjJsaklHMWxaR0Z6YVc3cUFSWUtGRm9TQ2djSWhnRVNBQmdMRWdkdFpXUmhjMmx1OGdFSkNnZE5aV1JoYzJsdUNudnFBUThLRFZvTENnY0loZ0VTQUJnTEdFenlBUTBLQzFWdVpHVnlJRFFnYldsdXdnSlRLR0VnZVc5MWRIVmlaVjl6YUc5eWRGOTJhV1JsYnlBNmRIbHdaVHB5SUNodUlIbHZkWFIxWW1WZlpteGhaMTlvWVhOZmJHbDJaVjl6ZEhKbFlXMWZiV1YwWVdSaGRHRTlNU0E2ZEhsd1pUcHlLU200QTB3S1Etb0JEd29OV2dzS0J3aUdBUklBR0FzWVRmSUJEQW9LTkNBdElESXdJRzFwYnNJQ0hIbHZkWFIxWW1WZmJXVmthWFZ0WDNacFpHVnZJRHAwZVhCbE9uSzRBMDBLUXVvQkR3b05XZ3NLQndpR0FSSUFHQXNZVHZJQkRRb0xUM1psY2lBeU1DQnRhVzdDQWhwNWIzVjBkV0psWDJ4dmJtZGZkbWxrWlc4Z09uUjVjR1U2Y3JnRFRoZ0xXZzBLQ3dnRUtnY0loZ0VTQUJnTFlBQjRBQSUzRCUzRJABARiB4OgYIgtzZWFyY2gtcGFnZQ%3D%3D
Medasin,EssQEg1tYWdpYyBtZWRhc2luGrYQRXFFTWtnR2RERG9QQ2cxdFlXZHBZeUJ0WldSaGMybHVTb2tNQ2ljS0JXMWhaMmxqNmdFUENnMWFDd29IQ0lZQkVnQVlDeGhoOGdFRkNnTkJiR3pZQWdHNEEyRUt0d0hxQVE4S0RWb0xDZ2NJaGdFU0FCZ0xHQnJ5QVFnS0JsTm9iM0owYzhJQ2tBRW9ZU0I1YjNWMGRXSmxYM05vYjNKMGMxOWtaV1pwYm1sMGFXOXVJRHAwZVhCbE9uSWdLRzRnZVc5MWRIVmlaVjltYkdGblgyaGhjMTl3Y21WdGFXVnlaVjkyYVdSbGIxOXRaWFJoWkdGMFlUMHhJRHAwZVhCbE9uSXBJQ2h1SUhsdmRYUjFZbVZmWm14aFoxOW9ZWE5mYkdsMlpWOXpkSEpsWVcxZmJXVjBZV1JoZEdFOU1TQTZkSGx3WlRweUtTbjRBZ0c0QXhvS1RPb0JEd29OV2dzS0J3aUdBUklBR0FzWVNQSUJDQW9HVm1sa1pXOXp3Z0lhZVc5MWRIVmlaVjkyYVdSbGIxOXdZV2RsSURwMGVYQmxPbkxvQWdHb0F3RzRBMGpBQXdISUF3SFFBd0VLS09vQkR3b05XZ3NLQndpR0FSSUFHQXNZSFBJQkN3b0pWVzUzWVhSamFHVmt5Z0lDQ0FHNEF4d0tKdW9CRHdvTldnc0tCd2lHQVJJQUdBc1lTdklCQ1FvSFYyRjBZMmhsWk1vQ0FoZ0N1QU5LQ2kxZ0Itb0JEd29OV2dzS0J3aUdBUklBR0FzWUJfSUJFd29SVW1WalpXNTBiSGtnZFhCc2IyRmtaV1M0QXdjS1Mtb0JEd29OV2dzS0J3aUdBUklBR0FzWUJQSUJCZ29FVEdsMlpjSUNKM2x2ZFhSMVltVmZiR2wyWlY5aWNtOWhaR05oYzNSZmMzUmhkSFZ6UFRBZ09uUjVjR1U2Y3VnQ0FiZ0RCQXBNQ2hWdFlXZHBZeUIwY21samEzTWdabTl5SUd0cFpIUHFBUjRLSEZvYUNnY0loZ0VTQUJnTEVnOTBjbWxqYTNOZlptOXlYMnRwWkhQeUFSRUtEMVJ5YVdOcmN5Qm1iM0lnYTJsa2N3b3hDZ3h0WVdkcFl5QnpiRzkzWldUcUFSVUtFMW9SQ2djSWhnRVNBQmdMRWdaemJHOTNaV1R5QVFnS0JsTnNiM2RsWkFwTUNoVnRZV2RwWXlCMGNtbGphM01nZEhWMGIzSnBZV3pxQVI0S0hGb2FDZ2NJaGdFU0FCZ0xFZzkwY21samEzTmZkSFYwYjNKcFlXenlBUkVLRDFSeWFXTnJjeUIwZFhSdmNtbGhiQW91Q2d0dFlXZHBZeUJ6YjI1bmMtb0JGQW9TV2hBS0J3aUdBUklBR0FzU0JYTnZibWR6OGdFSENnVlRiMjVuY3dvOUNoQnRZV2RwWXlCdFlXNXVlWGRsYkd4NjZnRVpDaGRhRlFvSENJWUJFZ0FZQ3hJS2JXRnVibmwzWld4c2V2SUJEQW9LVFdGdWJubDNaV3hzZWdvdUNndHRZV2RwWXlCd2FXeHZkT29CRkFvU1doQUtCd2lHQVJJQUdBc1NCWEJwYkc5MDhnRUhDZ1ZRYVd4dmRBbzZDZzl0WVdkcFl5QnVieUIzWVhrZ2JtX3FBUmdLRmxvVUNnY0loZ0VTQUJnTEVnbHViMTkzWVhsZmJtX3lBUXNLQ1U1dklIZGhlU0J1YndwU0NoZHRZV2RwWXlCMGNtbGphM01nZDJsMGFDQmpZWEprYy1vQklBb2VXaHdLQndpR0FSSUFHQXNTRVhSeWFXTnJjMTkzYVhSb1gyTmhjbVJ6OGdFVENoRlVjbWxqYTNNZ2QybDBhQ0JqWVhKa2N3cFZDaGh0WVdkcFl5QnNaWFFnZVc5MWNpQm9ZV2x5SUdSdmQyN3FBU0VLSDFvZENnY0loZ0VTQUJnTEVoSnNaWFJmZVc5MWNsOW9ZV2x5WDJSdmQyN3lBUlFLRWt4bGRDQjViM1Z5SUdoaGFYSWdaRzkzYmdvb0NnbHRZV2RwWXlCaWIyTHFBUklLRUZvT0NnY0loZ0VTQUJnTEVnTmliMkx5QVFVS0EwSnZZZ282Q2c5dFlXZHBZeUJ5WldRZ1pISmxjM1BxQVJnS0Zsb1VDZ2NJaGdFU0FCZ0xFZ2x5WldSZlpISmxjM1B5QVFzS0NWSmxaQ0JrY21WemN3bzBDZzF0WVdkcFl5QnRaV1JoYzJsdTZnRVdDaFJhRWdvSENJWUJFZ0FZQ3hJSGJXVmtZWE5wYnZJQkNRb0hUV1ZrWVhOcGJncDc2Z0VQQ2cxYUN3b0hDSVlCRWdBWUN4aE04Z0VOQ2d0VmJtUmxjaUEwSUcxcGJzSUNVeWhoSUhsdmRYUjFZbVZmYzJodmNuUmZkbWxrWlc4Z09uUjVjR1U2Y2lBb2JpQjViM1YwZFdKbFgyWnNZV2RmYUdGelgyeHBkbVZmYzNSeVpXRnRYMjFsZEdGa1lYUmhQVEVnT25SNWNHVTZjaWtwdUFOTUNrUHFBUThLRFZvTENnY0loZ0VTQUJnTEdFM3lBUXdLQ2pRZ0xTQXlNQ0J0YVc3Q0FoeDViM1YwZFdKbFgyMWxaR2wxYlY5MmFXUmxieUE2ZEhsd1pUcHl1QU5OQ2tMcUFROEtEVm9MQ2djSWhnRVNBQmdMR0U3eUFRMEtDMDkyWlhJZ01qQWdiV2x1d2dJYWVXOTFkSFZpWlY5c2IyNW5YM1pwWkdWdklEcDBlWEJsT25LNEEwNFlDMW9OQ2dzSUJDb0hDSVlCRWdBWUMyQUFlQUElM0SQAQEYgeDoGCILc2VhcmNoLXBhZ2U%3D
Under 4 min,EqMREgVtYWdpYxqWEUV1a01rZ0hsRERwWEVsTW9ZU0I1YjNWMGRXSmxYM05vYjNKMFgzWnBaR1Z2SURwMGVYQmxPbklnS0c0Z2VXOTFkSFZpWlY5bWJHRm5YMmhoYzE5c2FYWmxYM04wY21WaGJWOXRaWFJoWkdGMFlUMHhJRHAwZVhCbE9uSXBLV0JNU29rTUNpY0tCVzFoWjJsajZnRVBDZzFhQ3dvSENJWUJFZ0FZQ3hoaDhnRUZDZ05CYkd6WUFnRzRBMkVLdHdIcUFROEtEVm9MQ2djSWhnRVNBQmdMR0JyeUFRZ0tCbE5vYjNKMGM4SUNrQUVvWVNCNWIzVjBkV0psWDNOb2IzSjBjMTlrWldacGJtbDBhVzl1SURwMGVYQmxPbklnS0c0Z2VXOTFkSFZpWlY5bWJHRm5YMmhoYzE5d2NtVnRhV1Z5WlY5MmFXUmxiMTl0WlhSaFpHRjBZVDB4SURwMGVYQmxPbklwSUNodUlIbHZkWFIxWW1WZlpteGhaMTlvWVhOZmJHbDJaVjl6ZEhKbFlXMWZiV1YwWVdSaGRHRTlNU0E2ZEhsd1pUcHlLU240QWdHNEF4b0tUT29CRHdvTldnc0tCd2lHQVJJQUdBc1lTUElCQ0FvR1ZtbGtaVzl6d2dJYWVXOTFkSFZpWlY5MmFXUmxiMTl3WVdkbElEcDBlWEJsT25Mb0FnR29Bd0c0QTBqQUF3SElBd0hRQXdFS0tPb0JEd29OV2dzS0J3aUdBUklBR0FzWUhQSUJDd29KVlc1M1lYUmphR1ZreWdJQ0NBRzRBeHdLSnVvQkR3b05XZ3NLQndpR0FSSUFHQXNZU3ZJQkNRb0hWMkYwWTJobFpNb0NBaGdDdUFOS0NpMWdCLW9CRHdvTldnc0tCd2lHQVJJQUdBc1lCX0lCRXdvUlVtVmpaVzUwYkhrZ2RYQnNiMkZrWldTNEF3Y0tTLW9CRHdvTldnc0tCd2lHQVJJQUdBc1lCUElCQmdvRVRHbDJaY0lDSjNsdmRYUjFZbVZmYkdsMlpWOWljbTloWkdOaGMzUmZjM1JoZEhWelBUQWdPblI1Y0dVNmN1Z0NBYmdEQkFwTUNoVnRZV2RwWXlCMGNtbGphM01nWm05eUlHdHBaSFBxQVI0S0hGb2FDZ2NJaGdFU0FCZ0xFZzkwY21samEzTmZabTl5WDJ0cFpIUHlBUkVLRDFSeWFXTnJjeUJtYjNJZ2EybGtjd294Q2d4dFlXZHBZeUJ6Ykc5M1pXVHFBUlVLRTFvUkNnY0loZ0VTQUJnTEVnWnpiRzkzWldUeUFRZ0tCbE5zYjNkbFpBcE1DaFZ0WVdkcFl5QjBjbWxqYTNNZ2RIVjBiM0pwWVd6cUFSNEtIRm9hQ2djSWhnRVNBQmdMRWc5MGNtbGphM05mZEhWMGIzSnBZV3p5QVJFS0QxUnlhV05yY3lCMGRYUnZjbWxoYkFvdUNndHRZV2RwWXlCemIyNW5jLW9CRkFvU1doQUtCd2lHQVJJQUdBc1NCWE52Ym1kejhnRUhDZ1ZUYjI1bmN3bzlDaEJ0WVdkcFl5QnRZVzV1ZVhkbGJHeDY2Z0VaQ2hkYUZRb0hDSVlCRWdBWUN4SUtiV0Z1Ym5sM1pXeHNldklCREFvS1RXRnVibmwzWld4c2Vnb3VDZ3R0WVdkcFl5QndhV3h2ZE9vQkZBb1NXaEFLQndpR0FSSUFHQXNTQlhCcGJHOTA4Z0VIQ2dWUWFXeHZkQW82Q2c5dFlXZHBZeUJ1YnlCM1lYa2dibV9xQVJnS0Zsb1VDZ2NJaGdFU0FCZ0xFZ2x1YjE5M1lYbGZibV95QVFzS0NVNXZJSGRoZVNCdWJ3cFNDaGR0WVdkcFl5QjBjbWxqYTNNZ2QybDBhQ0JqWVhKa2Mtb0JJQW9lV2h3S0J3aUdBUklBR0FzU0VYUnlhV05yYzE5M2FYUm9YMk5oY21SejhnRVRDaEZVY21samEzTWdkMmwwYUNCallYSmtjd3BWQ2hodFlXZHBZeUJzWlhRZ2VXOTFjaUJvWVdseUlHUnZkMjdxQVNFS0gxb2RDZ2NJaGdFU0FCZ0xFaEpzWlhSZmVXOTFjbDlvWVdseVgyUnZkMjd5QVJRS0VreGxkQ0I1YjNWeUlHaGhhWElnWkc5M2Jnb29DZ2x0WVdkcFl5QmliMkxxQVJJS0VGb09DZ2NJaGdFU0FCZ0xFZ05pYjJMeUFRVUtBMEp2WWdvNkNnOXRZV2RwWXlCeVpXUWdaSEpsYzNQcUFSZ0tGbG9VQ2djSWhnRVNBQmdMRWdseVpXUmZaSEpsYzNQeUFRc0tDVkpsWkNCa2NtVnpjd28wQ2cxdFlXZHBZeUJ0WldSaGMybHU2Z0VXQ2hSYUVnb0hDSVlCRWdBWUN4SUhiV1ZrWVhOcGJ2SUJDUW9IVFdWa1lYTnBiZ3A3NmdFUENnMWFDd29IQ0lZQkVnQVlDeGhNOGdFTkNndFZibVJsY2lBMElHMXBic0lDVXloaElIbHZkWFIxWW1WZmMyaHZjblJmZG1sa1pXOGdPblI1Y0dVNmNpQW9iaUI1YjNWMGRXSmxYMlpzWVdkZmFHRnpYMnhwZG1WZmMzUnlaV0Z0WDIxbGRHRmtZWFJoUFRFZ09uUjVjR1U2Y2lrcHVBTk1Da1BxQVE4S0RWb0xDZ2NJaGdFU0FCZ0xHRTN5QVF3S0NqUWdMU0F5TUNCdGFXN0NBaHg1YjNWMGRXSmxYMjFsWkdsMWJWOTJhV1JsYnlBNmRIbHdaVHB5dUFOTkNrTHFBUThLRFZvTENnY0loZ0VTQUJnTEdFN3lBUTBLQzA5MlpYSWdNakFnYldsdXdnSWFlVzkxZEhWaVpWOXNiMjVuWDNacFpHVnZJRHAwZVhCbE9uSzRBMDRZQzFvTkNnc0lCQ29IQ0lZQkVnQVlDMkFBZUFBJTNEkAEBGIHg6BgiC3NlYXJjaC1wYWdl
4 - 20 min,Et0QEgVtYWdpYxrQEEVySU1rZ0d1RERvZ0VoeDViM1YwZFdKbFgyMWxaR2wxYlY5MmFXUmxieUE2ZEhsd1pUcHlZRTFLaVF3S0p3b0ZiV0ZuYVdQcUFROEtEVm9MQ2djSWhnRVNBQmdMR0dIeUFRVUtBMEZzYk5nQ0FiZ0RZUXEzQWVvQkR3b05XZ3NLQndpR0FSSUFHQXNZR3ZJQkNBb0dVMmh2Y25SendnS1FBU2hoSUhsdmRYUjFZbVZmYzJodmNuUnpYMlJsWm1sdWFYUnBiMjRnT25SNWNHVTZjaUFvYmlCNWIzVjBkV0psWDJac1lXZGZhR0Z6WDNCeVpXMXBaWEpsWDNacFpHVnZYMjFsZEdGa1lYUmhQVEVnT25SNWNHVTZjaWtnS0c0Z2VXOTFkSFZpWlY5bWJHRm5YMmhoYzE5c2FYWmxYM04wY21WaGJWOXRaWFJoWkdGMFlUMHhJRHAwZVhCbE9uSXBLZmdDQWJnREdncE02Z0VQQ2cxYUN3b0hDSVlCRWdBWUN4aEk4Z0VJQ2daV2FXUmxiM1BDQWhwNWIzVjBkV0psWDNacFpHVnZYM0JoWjJVZ09uUjVjR1U2Y3VnQ0FhZ0RBYmdEU01BREFjZ0RBZEFEQVFvbzZnRVBDZzFhQ3dvSENJWUJFZ0FZQ3hnYzhnRUxDZ2xWYm5kaGRHTm9aV1RLQWdJSUFiZ0RIQW9tNmdFUENnMWFDd29IQ0lZQkVnQVlDeGhLOGdFSkNnZFhZWFJqYUdWa3lnSUNHQUs0QTBvS0xXQUg2Z0VQQ2cxYUN3b0hDSVlCRWdBWUN4Z0g4Z0VUQ2hGU1pXTmxiblJzZVNCMWNHeHZZV1JsWkxnREJ3cEw2Z0VQQ2cxYUN3b0hDSVlCRWdBWUN4Z0U4Z0VHQ2dSTWFYWmx3Z0luZVc5MWRIVmlaVjlzYVhabFgySnliMkZrWTJGemRGOXpkR0YwZFhNOU1DQTZkSGx3WlRweTZBSUJ1QU1FQ2t3S0ZXMWhaMmxqSUhSeWFXTnJjeUJtYjNJZ2EybGtjLW9CSGdvY1dob0tCd2lHQVJJQUdBc1NEM1J5YVdOcmMxOW1iM0pmYTJsa2NfSUJFUW9QVkhKcFkydHpJR1p2Y2lCcmFXUnpDakVLREcxaFoybGpJSE5zYjNkbFpPb0JGUW9UV2hFS0J3aUdBUklBR0FzU0JuTnNiM2RsWlBJQkNBb0dVMnh2ZDJWa0Nrd0tGVzFoWjJsaklIUnlhV05yY3lCMGRYUnZjbWxoYk9vQkhnb2NXaG9LQndpR0FSSUFHQXNTRDNSeWFXTnJjMTkwZFhSdmNtbGhiUElCRVFvUFZISnBZMnR6SUhSMWRHOXlhV0ZzQ2k0S0MyMWhaMmxqSUhOdmJtZHo2Z0VVQ2hKYUVBb0hDSVlCRWdBWUN4SUZjMjl1WjNQeUFRY0tCVk52Ym1kekNqMEtFRzFoWjJsaklHMWhibTU1ZDJWc2JIcnFBUmtLRjFvVkNnY0loZ0VTQUJnTEVncHRZVzV1ZVhkbGJHeDY4Z0VNQ2dwTllXNXVlWGRsYkd4NkNpNEtDMjFoWjJsaklIQnBiRzkwNmdFVUNoSmFFQW9IQ0lZQkVnQVlDeElGY0dsc2IzVHlBUWNLQlZCcGJHOTBDam9LRDIxaFoybGpJRzV2SUhkaGVTQnViLW9CR0FvV1doUUtCd2lHQVJJQUdBc1NDVzV2WDNkaGVWOXViX0lCQ3dvSlRtOGdkMkY1SUc1dkNsSUtGMjFoWjJsaklIUnlhV05yY3lCM2FYUm9JR05oY21SejZnRWdDaDVhSEFvSENJWUJFZ0FZQ3hJUmRISnBZMnR6WDNkcGRHaGZZMkZ5WkhQeUFSTUtFVlJ5YVdOcmN5QjNhWFJvSUdOaGNtUnpDbFVLR0cxaFoybGpJR3hsZENCNWIzVnlJR2hoYVhJZ1pHOTNidW9CSVFvZldoMEtCd2lHQVJJQUdBc1NFbXhsZEY5NWIzVnlYMmhoYVhKZlpHOTNidklCRkFvU1RHVjBJSGx2ZFhJZ2FHRnBjaUJrYjNkdUNpZ0tDVzFoWjJsaklHSnZZdW9CRWdvUVdnNEtCd2lHQVJJQUdBc1NBMkp2WXZJQkJRb0RRbTlpQ2pvS0QyMWhaMmxqSUhKbFpDQmtjbVZ6Yy1vQkdBb1dXaFFLQndpR0FSSUFHQXNTQ1hKbFpGOWtjbVZ6Y19JQkN3b0pVbVZrSUdSeVpYTnpDalFLRFcxaFoybGpJRzFsWkdGemFXN3FBUllLRkZvU0NnY0loZ0VTQUJnTEVnZHRaV1JoYzJsdThnRUpDZ2ROWldSaGMybHVDbnZxQVE4S0RWb0xDZ2NJaGdFU0FCZ0xHRXp5QVEwS0MxVnVaR1Z5SURRZ2JXbHV3Z0pUS0dFZ2VXOTFkSFZpWlY5emFHOXlkRjkyYVdSbGJ5QTZkSGx3WlRweUlDaHVJSGx2ZFhSMVltVmZabXhoWjE5b1lYTmZiR2wyWlY5emRISmxZVzFmYldWMFlXUmhkR0U5TVNBNmRIbHdaVHB5S1NtNEEwd0tRLW9CRHdvTldnc0tCd2lHQVJJQUdBc1lUZklCREFvS05DQXRJREl3SUcxcGJzSUNISGx2ZFhSMVltVmZiV1ZrYVhWdFgzWnBaR1Z2SURwMGVYQmxPbks0QTAwS1F1b0JEd29OV2dzS0J3aUdBUklBR0FzWVR2SUJEUW9MVDNabGNpQXlNQ0J0YVc3Q0FocDViM1YwZFdKbFgyeHZibWRmZG1sa1pXOGdPblI1Y0dVNmNyZ0RUaGdMV2cwS0N3Z0VLZ2NJaGdFU0FCZ0xZQUI0QUElM0QlM0SQAQEYgeDoGCILc2VhcmNoLXBhZ2U%3D
Over 20 min,EtcQEgVtYWdpYxrKEEVyQU1rZ0dzRERvZUVocDViM1YwZFdKbFgyeHZibWRmZG1sa1pXOGdPblI1Y0dVNmNtQk9Tb2tNQ2ljS0JXMWhaMmxqNmdFUENnMWFDd29IQ0lZQkVnQVlDeGhoOGdFRkNnTkJiR3pZQWdHNEEyRUt0d0hxQVE4S0RWb0xDZ2NJaGdFU0FCZ0xHQnJ5QVFnS0JsTm9iM0owYzhJQ2tBRW9ZU0I1YjNWMGRXSmxYM05vYjNKMGMxOWtaV1pwYm1sMGFXOXVJRHAwZVhCbE9uSWdLRzRnZVc5MWRIVmlaVjltYkdGblgyaGhjMTl3Y21WdGFXVnlaVjkyYVdSbGIxOXRaWFJoWkdGMFlUMHhJRHAwZVhCbE9uSXBJQ2h1SUhsdmRYUjFZbVZmWm14aFoxOW9ZWE5mYkdsMlpWOXpkSEpsWVcxZmJXVjBZV1JoZEdFOU1TQTZkSGx3WlRweUtTbjRBZ0c0QXhvS1RPb0JEd29OV2dzS0J3aUdBUklBR0FzWVNQSUJDQW9HVm1sa1pXOXp3Z0lhZVc5MWRIVmlaVjkyYVdSbGIxOXdZV2RsSURwMGVYQmxPbkxvQWdHb0F3RzRBMGpBQXdISUF3SFFBd0VLS09vQkR3b05XZ3NLQndpR0FSSUFHQXNZSFBJQkN3b0pWVzUzWVhSamFHVmt5Z0lDQ0FHNEF4d0tKdW9CRHdvTldnc0tCd2lHQVJJQUdBc1lTdklCQ1FvSFYyRjBZMmhsWk1vQ0FoZ0N1QU5LQ2kxZ0Itb0JEd29OV2dzS0J3aUdBUklBR0FzWUJfSUJFd29SVW1WalpXNTBiSGtnZFhCc2IyRmtaV1M0QXdjS1Mtb0JEd29OV2dzS0J3aUdBUklBR0FzWUJQSUJCZ29FVEdsMlpjSUNKM2x2ZFhSMVltVmZiR2wyWlY5aWNtOWhaR05oYzNSZmMzUmhkSFZ6UFRBZ09uUjVjR1U2Y3VnQ0FiZ0RCQXBNQ2hWdFlXZHBZeUIwY21samEzTWdabTl5SUd0cFpIUHFBUjRLSEZvYUNnY0loZ0VTQUJnTEVnOTBjbWxqYTNOZlptOXlYMnRwWkhQeUFSRUtEMVJ5YVdOcmN5Qm1iM0lnYTJsa2N3b3hDZ3h0WVdkcFl5QnpiRzkzWldUcUFSVUtFMW9SQ2djSWhnRVNBQmdMRWdaemJHOTNaV1R5QVFnS0JsTnNiM2RsWkFwTUNoVnRZV2RwWXlCMGNtbGphM01nZEhWMGIzSnBZV3pxQVI0S0hGb2FDZ2NJaGdFU0FCZ0xFZzkwY21samEzTmZkSFYwYjNKcFlXenlBUkVLRDFSeWFXTnJjeUIwZFhSdmNtbGhiQW91Q2d0dFlXZHBZeUJ6YjI1bmMtb0JGQW9TV2hBS0J3aUdBUklBR0FzU0JYTnZibWR6OGdFSENnVlRiMjVuY3dvOUNoQnRZV2RwWXlCdFlXNXVlWGRsYkd4NjZnRVpDaGRhRlFvSENJWUJFZ0FZQ3hJS2JXRnVibmwzWld4c2V2SUJEQW9LVFdGdWJubDNaV3hzZWdvdUNndHRZV2RwWXlCd2FXeHZkT29CRkFvU1doQUtCd2lHQVJJQUdBc1NCWEJwYkc5MDhnRUhDZ1ZRYVd4dmRBbzZDZzl0WVdkcFl5QnVieUIzWVhrZ2JtX3FBUmdLRmxvVUNnY0loZ0VTQUJnTEVnbHViMTkzWVhsZmJtX3lBUXNLQ1U1dklIZGhlU0J1YndwU0NoZHRZV2RwWXlCMGNtbGphM01nZDJsMGFDQmpZWEprYy1vQklBb2VXaHdLQndpR0FSSUFHQXNTRVhSeWFXTnJjMTkzYVhSb1gyTmhjbVJ6OGdFVENoRlVjbWxqYTNNZ2QybDBhQ0JqWVhKa2N3cFZDaGh0WVdkcFl5QnNaWFFnZVc5MWNpQm9ZV2x5SUdSdmQyN3FBU0VLSDFvZENnY0loZ0VTQUJnTEVoSnNaWFJmZVc5MWNsOW9ZV2x5WDJSdmQyN3lBUlFLRWt4bGRDQjViM1Z5SUdoaGFYSWdaRzkzYmdvb0NnbHRZV2RwWXlCaWIyTHFBUklLRUZvT0NnY0loZ0VTQUJnTEVnTmliMkx5QVFVS0EwSnZZZ282Q2c5dFlXZHBZeUJ5WldRZ1pISmxjM1BxQVJnS0Zsb1VDZ2NJaGdFU0FCZ0xFZ2x5WldSZlpISmxjM1B5QVFzS0NWSmxaQ0JrY21WemN3bzBDZzF0WVdkcFl5QnRaV1JoYzJsdTZnRVdDaFJhRWdvSENJWUJFZ0FZQ3hJSGJXVmtZWE5wYnZJQkNRb0hUV1ZrWVhOcGJncDc2Z0VQQ2cxYUN3b0hDSVlCRWdBWUN4aE04Z0VOQ2d0VmJtUmxjaUEwSUcxcGJzSUNVeWhoSUhsdmRYUjFZbVZmYzJodmNuUmZkbWxrWlc4Z09uUjVjR1U2Y2lBb2JpQjViM1YwZFdKbFgyWnNZV2RmYUdGelgyeHBkbVZmYzNSeVpXRnRYMjFsZEdGa1lYUmhQVEVnT25SNWNHVTZjaWtwdUFOTUNrUHFBUThLRFZvTENnY0loZ0VTQUJnTEdFM3lBUXdLQ2pRZ0xTQXlNQ0J0YVc3Q0FoeDViM1YwZFdKbFgyMWxaR2wxYlY5MmFXUmxieUE2ZEhsd1pUcHl1QU5OQ2tMcUFROEtEVm9MQ2djSWhnRVNBQmdMR0U3eUFRMEtDMDkyWlhJZ01qQWdiV2x1d2dJYWVXOTFkSFZpWlY5c2IyNW5YM1pwWkdWdklEcDBlWEJsT25LNEEwNFlDMW9OQ2dzSUJDb0hDSVlCRWdBWUMyQUFlQUElM0SQAQEYgeDoGCILc2VhcmNoLXBhZ2U%3D
