page_title,video_count,video_id,headline,thumbnail,view_count
#magic,4.2M videos • 1M channels,,,,
#magic,4.2M videos • 1M channels,,,,
#magic,4.2M videos • 1M channels,,,,
#magic,4.2M videos • 1M channels,,,,
#magic,4.2M videos • 1M channels,,,,
#magic,4.2M videos • 1M channels,,,,
#magic,4.2M videos • 1M channels,,,,
#magic,4.2M videos • 1M channels,,,,
#magic,4.2M videos • 1M channels,,,,
#magic,4.2M videos • 1M channels,,,,
#magic,4.2M videos • 1M channels,,,,
#magic,4.2M videos • 1M channels,,,,
#magic,4.2M videos • 1M channels,,,,
#magic,4.2M videos • 1M channels,,,,
#magic,4.2M videos • 1M channels,,,,
#magic,4.2M videos • 1M channels,,,,
#magic,4.2M videos • 1M channels,,,,
#magic,4.2M videos • 1M channels,,,,
#magic,4.2M videos • 1M channels,,,,
#magic,4.2M videos • 1M channels,,,,
#magic,4.2M videos • 1M channels,,,,
#magic,4.2M videos • 1M channels,,,,
#magic,4.2M videos • 1M channels,,,,
#magic,4.2M videos • 1M channels,,,,
#magic,4.2M videos • 1M channels,,,,
#magic,4.2M videos • 1M channels,,,,
#magic,4.2M videos • 1M channels,,,,
#magic,4.2M videos • 1M channels,,,,
#magic,4.2M videos • 1M channels,,,,
#magic,4.2M videos • 1M channels,,,,
#magic,4.2M videos • 1M channels,,,,
#magic,4.2M videos • 1M channels,,,,
#magic,4.2M videos • 1M channels,,,,
#magic,4.2M videos • 1M channels,,,,
#magic,4.2M videos • 1M channels,,,,
#magic,4.2M videos • 1M channels,,,,
