trackingID,video_id,title,createdAt,owner_id,owner_displayName,game_name,lengthSeconds,viewCount,previewThumbnailURL
c2a7f5b7-dfda-4621-a0ae-7c4397ec6191,2469871639,WeeklyMTG | Magic: The Gathering x Final Fantasy | Limited and Full Set Discussion,2025-05-27T16:56:28Z,26991613,Magic,Magic: The Gathering,3701,13228,https://static-cdn.jtvnw.net/cf_vods/d2nvs31859zcd8/0daa5c51edf6834dc765_magic_321667926524_1748364983/thumb/custom-7a440109-1e57-491f-8083-013c87e92b30-214x120.jpeg
61686017-d2b3-4cb2-ba22-5814a6c4b025,2471866067,Esquenta pro t2 Tabletop e spoilers de FF com TIO VINI! C√ìDIGO Marketplace: BOLTS,2025-05-29T21:35:03Z,71028977,LigaMagic,Magic: The Gathering,18648,7002,https://static-cdn.jtvnw.net/cf_vods/d1m7jfoe9zdc1j/f5924e84b3479e0daa8f_ligamagic_324984055421_1748554491//thumb/thumb0-214x120.jpg
f96fcb5a-c26d-4b5b-8eb0-3484bb9ec6ad,2471434854,–°–ß–ê–°–¢–¨–Ø –ó–î–û–†–û–í–ò–ß–ö–ê !—Ç—É—Ä–Ω–∏—Ä !—Ç–µ–ª–µ–≥–∞ !—é—Ç—É–±,2025-05-29T11:04:05Z,553058295,KICK_FREAK,Heroes of Might and Magic III: The Restoration of Erathia,54511,18056,https://static-cdn.jtvnw.net/cf_vods/dgeft87wbj63p/de86b43c42ee3b2fb669_kick_freak_320897801849_1748516637//thumb/thumb0-214x120.jpg
0569990c-81f7-41af-8ff1-f7b9d5057c1b,2470831032,Standard! Climb to top 100 with BREWSüñ§ | !barge !CardConduit,2025-05-28T18:37:42Z,121676028,ashlizzlle,Magic: The Gathering,28304,12032,https://static-cdn.jtvnw.net/cf_vods/dgeft87wbj63p/e62e4683688879a9eb22_ashlizzlle_320866122617_1748457456//thumb/thumb0-214x120.jpg
33a20ea7-f17b-4769-914b-bf85b3aa20c4,2471392290,–ò –°–ò–í–û–î–ù–Ø –û–§ –ó–ï –ì–†–ò–î –ü–†–ê–ù–ö / –Ø –¢–û–ü –ê–î–ò–ù –í –≠–¢–ê–ô –ò–ì–†–ï,2025-05-29T09:06:46Z,899855586,magicoooff,Off The Grid,17700,5391,https://static-cdn.jtvnw.net/cf_vods/dgeft87wbj63p/6e5b9b67802c67a5acf3_magicoooff_320892659705_1748509600//thumb/thumb0-214x120.jpg
34bd70d4-f7b3-40a4-a111-523dde452fb9,2471528463,!TOURNAMENT SERIES VS SONGO700 -- Vietnam Duel Masters BO3 ( 0 - 0 ),2025-05-29T14:00:39Z,146728026,Lexiav,Heroes of Might and Magic III: The Restoration of Erathia,16233,8966,https://static-cdn.jtvnw.net/cf_vods/dgeft87wbj63p/63ae19c7172a511691a9_lexiav_320905837433_1748527234//thumb/thumb0-214x120.jpg
afc2491a-6f7a-424e-9e67-62f80c16e804,2470973901,Mixed Up Drafting,2025-05-28T21:34:43Z,29213580,TheHamTV,Magic: The Gathering,31628,6239,https://static-cdn.jtvnw.net/cf_vods/d1m7jfoe9zdc1j/e0ffeb63d33243d55e57_thehamtv_324898689533_1748468079//thumb/thumb0-214x120.jpg
ce53721d-0997-4f07-90d2-49791b144535,2471362859,–í–°–ï–ú –ü–†–ò–í–ï–¢) !tg !yt,2025-05-29T07:39:27Z,55546371,HILTYHA,Heroes of Might and Magic III: The Restoration of Erathia,21600,8610,https://static-cdn.jtvnw.net/cf_vods/dgeft87wbj63p/292e87779a2def0c4787_hiltyha_320889554681_1748504362//thumb/thumb0-214x120.jpg
360e6c90-eba3-41bb-aaf3-fd16a2ec9b35,2470589031,¬´Jebus Next¬ª \ @DarkPepego vs @MeatWagonGG by @Master_of__Mind & @TheToganash \ !tg !—Å–µ—Ç–∫–∞ !—Ö—É–¥ !—Å–ª–æ–≤–∞—Ä—å !–¥–æ–Ω–∞—Ç,2025-05-28T12:41:20Z,406654859,MSStudio,Heroes of Might and Magic III: The Restoration of Erathia,19814,26302,https://static-cdn.jtvnw.net/cf_vods/dgeft87wbj63p/8298ca5e071b01eb6de6_msstudio_320850625145_1748436075//thumb/thumb0-214x120.jpg
45f8933c-9b2f-4c0f-b4bd-801ea3232cd7,2471632546,üè∞FINAL FANTASYxMTGüè∞ TORNEO 8PM| !arena | !redes | !decks | !tienda,2025-05-29T16:42:03Z,453280957,RAPSOLO,Magic: The Gathering,16170,1709,https://static-cdn.jtvnw.net/cf_vods/d1m7jfoe9zdc1j/f0b5a7e17144a123456e_rapsolo_324962102781_1748536918//thumb/thumb0-214x120.jpg
37ac4ef3-2caa-4cef-85ec-ab60f6d6f0a7,2469715109,¬´Jebus Next¬ª \ @Master_of__Mind vs @FireToSky by @Weronest & @KarmikKoala \ !tg !—Å–µ—Ç–∫–∞ !—Ö—É–¥ !—Å–ª–æ–≤–∞—Ä—å !–¥–æ–Ω–∞—Ç,2025-05-27T12:44:41Z,406654859,MSStudio,Heroes of Might and Magic III: The Restoration of Erathia,29631,47865,https://static-cdn.jtvnw.net/cf_vods/dgeft87wbj63p/6216070b59344d231601_msstudio_320803505913_1748349876//thumb/thumb0-214x120.jpg
0e9a2e1f-fa1b-47e5-865f-ec5ce21e9f8b,2471187526,COMMANDER BEFORE FLYING OUT TO LA // !anthros !juvee !tcg !complexity !wishlist,2025-05-29T01:58:15Z,214904487,Aims,Magic: The Gathering,6490,1733,https://static-cdn.jtvnw.net/cf_vods/d1m7jfoe9zdc1j/35cbf203fc93cf486ccb_aims_324918700157_1748483890//thumb/thumb0-214x120.jpg
8d377b29-45db-4b4a-a8a6-f4c851d45677,2470650141,MODERN LEAGUES AND MODERN CHALLENGE!,2025-05-28T14:27:10Z,276660420,MattiaRizziMTG,Magic: The Gathering,23380,2680,https://static-cdn.jtvnw.net/cf_vods/dgeft87wbj63p/1e889956fb3e53c2e568_mattiarizzimtg_320855468025_1748442424//thumb/thumb0-214x120.jpg
0826d3e3-bcd8-420f-97d6-953776f86a7f,2470573960,"TOP 23 IN THE LOBBY! TOP 10 IS NOT THAT FAR HUH, LETS GO!",2025-05-28T12:11:09Z,146728026,Lexiav,Heroes of Might and Magic III: The Restoration of Erathia,15354,8277,https://static-cdn.jtvnw.net/cf_vods/dgeft87wbj63p/8cb2199b4b3edc467a0d_lexiav_320849067897_1748434263//thumb/thumb0-214x120.jpg
ec0d40f1-f8ad-48b9-a9e2-8595077ce383,2471545888,Mixed Draft,2025-05-29T14:29:50Z,40124837,msigrist83,Magic: The Gathering,14537,553,https://static-cdn.jtvnw.net/cf_vods/d1m7jfoe9zdc1j/cea8c27c5aec42ba05ba_msigrist83_324951758205_1748528985//thumb/thumb0-214x120.jpg
