post_id,post_url,post_text,post_time,profile_id,profile_name,profile_url,reaction_count,comment_count
,,,,,,https://www.reddit.com/user/,0,0
,,,,,,https://www.reddit.com/user/,0,0
,,,,,,https://www.reddit.com/user/,0,0
,,,,,,https://www.reddit.com/user/,0,0
,,,,,,https://www.reddit.com/user/,0,0
,,,,,,https://www.reddit.com/user/,0,0
,,,,,,https://www.reddit.com/user/,0,0
,,,,,,https://www.reddit.com/user/,0,0
,,,,,,https://www.reddit.com/user/,0,0
,,,,,,https://www.reddit.com/user/,0,0
,,,,,,https://www.reddit.com/user/,0,0
,,,,,,https://www.reddit.com/user/,0,0
,,,,,,https://www.reddit.com/user/,0,0
,,,,,,https://www.reddit.com/user/,0,0
,,,,,,https://www.reddit.com/user/,0,0
,,,,,,https://www.reddit.com/user/,0,0
,,,,,,https://www.reddit.com/user/,0,0
,,,,,,https://www.reddit.com/user/,0,0
,,,,,,https://www.reddit.com/user/,0,0
,,,,,,https://www.reddit.com/user/,0,0
,,,,,,https://www.reddit.com/user/,0,0
,,,,,,https://www.reddit.com/user/,0,0
,,,,,,https://www.reddit.com/user/,0,0
,,,,,,https://www.reddit.com/user/,0,0
,,,,,,https://www.reddit.com/user/,0,0
