username,user_id,full_name,profile_pic_url
orlandomagic,195178788,Orlando Magic,https://scontent-dfw5-2.cdninstagram.com/v/t51.2885-19/503994828_17912966148106351_6850421647411297515_n.jpg?stp=dst-jpg_s150x150_tt6&_nc_ht=scontent-dfw5-2.cdninstagram.com&_nc_cat=107&_nc_oc=Q6cZ2QFtPZm1uXyfpSnlbTYHR5ZQWwh139SwNNhOkHVNKFKld6OnEkvAI5B6j6CazgTGNQL7z7Hj6X2pgZGSeUBq_87G&_nc_ohc=ejozc4NaKwYQ7kNvwHiX5Gk&_nc_gid=LevFSNkFip4A-QvYnPdzdQ&edm=APs17CUBAAAA&ccb=7-5&oh=00_AfMM6Lb-LJBMlT4LZRAzImRPPk9sVOuRy0khfynXtSdb7A&oe=6846E494&_nc_sid=10d13b
orlandomagichq,645149980,Orlando Magic HQ,https://scontent-dfw5-1.cdninstagram.com/v/t51.2885-19/358000560_809235194255041_6667388643623083036_n.jpg?stp=dst-jpg_s150x150_tt6&_nc_ht=scontent-dfw5-1.cdninstagram.com&_nc_cat=101&_nc_oc=Q6cZ2QFtPZm1uXyfpSnlbTYHR5ZQWwh139SwNNhOkHVNKFKld6OnEkvAI5B6j6CazgTGNQL7z7Hj6X2pgZGSeUBq_87G&_nc_ohc=D_ckcnrzVCoQ7kNvwH5Ids7&_nc_gid=LevFSNkFip4A-QvYnPdzdQ&edm=APs17CUBAAAA&ccb=7-5&oh=00_AfMj956oirUFA5XBIrlwAd1cpdCJkzWgIkVYUifXYfa0Rg&oe=68470C71&_nc_sid=10d13b
_orlandomagic,235341894,Arlandas,https://scontent-dfw5-1.cdninstagram.com/v/t51.2885-19/412551861_1043425290243455_1375247509655438228_n.jpg?stp=dst-jpg_s150x150_tt6&_nc_ht=scontent-dfw5-1.cdninstagram.com&_nc_cat=111&_nc_oc=Q6cZ2QFtPZm1uXyfpSnlbTYHR5ZQWwh139SwNNhOkHVNKFKld6OnEkvAI5B6j6CazgTGNQL7z7Hj6X2pgZGSeUBq_87G&_nc_ohc=EhLrP07H57kQ7kNvwGzdbsv&_nc_gid=LevFSNkFip4A-QvYnPdzdQ&edm=APs17CUBAAAA&ccb=7-5&oh=00_AfOBsW0kYhtWLEXSnutIgrIzZAGxMFX7BSe6rbMUmW7Qkg&oe=6846F14F&_nc_sid=10d13b
orlando_magic,37174648,Luigi Orlando,https://scontent-dfw5-2.cdninstagram.com/v/t51.2885-19/467888941_1100390961486734_6216067215409674252_n.jpg?stp=dst-jpg_s150x150_tt6&_nc_ht=scontent-dfw5-2.cdninstagram.com&_nc_cat=102&_nc_oc=Q6cZ2QFtPZm1uXyfpSnlbTYHR5ZQWwh139SwNNhOkHVNKFKld6OnEkvAI5B6j6CazgTGNQL7z7Hj6X2pgZGSeUBq_87G&_nc_ohc=4Qo0RVwQ_sIQ7kNvwFMJkXl&_nc_gid=LevFSNkFip4A-QvYnPdzdQ&edm=APs17CUBAAAA&ccb=7-5&oh=00_AfPI1ok7ptGa2UdFv4RyKUTd4MJfDz-lUWKtKydP3yUQSQ&oe=68470D72&_nc_sid=10d13b
orlandomagic_,12734962,Orlando,https://scontent-dfw5-3.cdninstagram.com/v/t51.2885-19/482853580_1845856979551425_5997265706795954111_n.jpg?stp=dst-jpg_s150x150_tt6&_nc_ht=scontent-dfw5-3.cdninstagram.com&_nc_cat=109&_nc_oc=Q6cZ2QFtPZm1uXyfpSnlbTYHR5ZQWwh139SwNNhOkHVNKFKld6OnEkvAI5B6j6CazgTGNQL7z7Hj6X2pgZGSeUBq_87G&_nc_ohc=qA1hQyyQxPEQ7kNvwFHZz-G&_nc_gid=LevFSNkFip4A-QvYnPdzdQ&edm=APs17CUBAAAA&ccb=7-5&oh=00_AfOc3BbaDQVJNpfZd-acj0UNBUQDRVO3xj5uCDpOwvFRfg&oe=68470C92&_nc_sid=10d13b
orlandomagicriders,53462045066,Silvina  & team,https://scontent-dfw5-1.cdninstagram.com/v/t51.2885-19/358800418_183979357768083_2925825064800090263_n.jpg?stp=dst-jpg_s150x150_tt6&_nc_ht=scontent-dfw5-1.cdninstagram.com&_nc_cat=103&_nc_oc=Q6cZ2QFtPZm1uXyfpSnlbTYHR5ZQWwh139SwNNhOkHVNKFKld6OnEkvAI5B6j6CazgTGNQL7z7Hj6X2pgZGSeUBq_87G&_nc_ohc=Eugv6HDC2ZQQ7kNvwHes0wk&_nc_gid=LevFSNkFip4A-QvYnPdzdQ&edm=APs17CUBAAAA&ccb=7-5&oh=00_AfMH-aKgBFiTMwigmMazSgKAbSORe1awBbygGVNcERr1hw&oe=6846E630&_nc_sid=10d13b
orlandomagic__milkyway,56730327729,Orlando Magic Milky Way,https://scontent-dfw5-3.cdninstagram.com/v/t51.2885-19/458385299_1541914169867085_2973586715422871590_n.jpg?stp=dst-jpg_s150x150_tt6&_nc_ht=scontent-dfw5-3.cdninstagram.com&_nc_cat=109&_nc_oc=Q6cZ2QFtPZm1uXyfpSnlbTYHR5ZQWwh139SwNNhOkHVNKFKld6OnEkvAI5B6j6CazgTGNQL7z7Hj6X2pgZGSeUBq_87G&_nc_ohc=S8gOjKZGb_wQ7kNvwE-sC2y&_nc_gid=LevFSNkFip4A-QvYnPdzdQ&edm=APs17CUBAAAA&ccb=7-5&oh=00_AfNwV27meIcubxKg4DrNbampr0JwZXxV3IkZSYWg9t6Kuw&oe=6846F165&_nc_sid=10d13b
orlandomagics,383178126,OrlandoMagic,https://scontent-dfw5-2.cdninstagram.com/v/t51.2885-19/358421246_246817194759264_4530464292657179942_n.jpg?stp=dst-jpg_s150x150_tt6&_nc_ht=scontent-dfw5-2.cdninstagram.com&_nc_cat=100&_nc_oc=Q6cZ2QFtPZm1uXyfpSnlbTYHR5ZQWwh139SwNNhOkHVNKFKld6OnEkvAI5B6j6CazgTGNQL7z7Hj6X2pgZGSeUBq_87G&_nc_ohc=FhNv24Ef3g4Q7kNvwG_Y_lJ&_nc_gid=LevFSNkFip4A-QvYnPdzdQ&edm=APs17CUBAAAA&ccb=7-5&oh=00_AfNIpoyKe6gcKx5vFsaVrpIeRshbGlhcJzhHEcR7zvHVjw&oe=6846F43E&_nc_sid=10d13b
silva14037,61231110287,Orlando Magic,https://scontent-dfw5-3.cdninstagram.com/v/t51.2885-19/466455107_1375717686734252_1545567779074022079_n.jpg?stp=dst-jpg_s150x150_tt6&_nc_ht=scontent-dfw5-3.cdninstagram.com&_nc_cat=108&_nc_oc=Q6cZ2QFtPZm1uXyfpSnlbTYHR5ZQWwh139SwNNhOkHVNKFKld6OnEkvAI5B6j6CazgTGNQL7z7Hj6X2pgZGSeUBq_87G&_nc_ohc=GQ-KJyPs6kAQ7kNvwEezstd&_nc_gid=LevFSNkFip4A-QvYnPdzdQ&edm=APs17CUBAAAA&ccb=7-5&oh=00_AfPgwXa4d16NSojmpc9qYiaNWeYoTyEMptkdcc1rkXlHjg&oe=6846F44F&_nc_sid=10d13b
